[26Mar2025 16:53:17.715] [main/INFO] [cpw.mods.modlauncher.Launcher/MODLAUNCHER]: ModLauncher running: args [--launchTarget, forgeclientuserdev, --version, 21.1.92, --assetIndex, 17, --assetsDir, C:\\Users\\benlo\\.mcreator\\gradle\\caches\\neoformruntime\\assets, --gameDir, ., --fml.neoForgeVersion, 21.1.92, --fml.fmlVersion, 4.0.34, --fml.mcVersion, 1.21.1, --fml.neoFormVersion, 20240808.144430]
[26Mar2025 16:53:17.719] [main/INFO] [cpw.mods.modlauncher.Launcher/MODLAUNCHER]: JVM identified as Eclipse Adoptium OpenJDK 64-Bit Server VM 21.0.5+11-LTS
[26Mar2025 16:53:17.720] [main/INFO] [cpw.mods.modlauncher.Launcher/MODLAUNCHER]: ModLauncher 11.0.4+main.d2e20e43 starting: java version 21.0.5 by Eclipse Adoptium; OS Windows 11 arch amd64 version 10.0
[26Mar2025 16:53:17.753] [main/DEBUG] [cpw.mods.modlauncher.LaunchServiceHandler/MODLAUNCHER]: Found launch services [minecraft,forgeclient,forgedatauserdev,testharness,forgeserverdev,forgeserveruserdev,forgejunitdev,forgeclientdev,forgeclientuserdev,forgeserver,forgejunituserdev,forgedatadev]
[26Mar2025 16:53:17.786] [main/DEBUG] [cpw.mods.modlauncher.LaunchPluginHandler/MODLAUNCHER]: Found launch plugins: [mixin,slf4jfixer,runtime_enum_extender,accesstransformer,runtimedistcleaner]
[26Mar2025 16:53:17.818] [main/DEBUG] [cpw.mods.modlauncher.TransformationServicesHandler/MODLAUNCHER]: Discovering transformation services
[26Mar2025 16:53:17.825] [main/DEBUG] [net.neoforged.fml.loading.FMLPaths/CORE]: Path GAMEDIR is G:\MODS\AoW\AoW\run
[26Mar2025 16:53:17.825] [main/DEBUG] [net.neoforged.fml.loading.FMLPaths/CORE]: Path MODSDIR is G:\MODS\AoW\AoW\run\mods
[26Mar2025 16:53:17.825] [main/DEBUG] [net.neoforged.fml.loading.FMLPaths/CORE]: Path CONFIGDIR is G:\MODS\AoW\AoW\run\config
[26Mar2025 16:53:17.825] [main/DEBUG] [net.neoforged.fml.loading.FMLPaths/CORE]: Path FMLCONFIG is G:\MODS\AoW\AoW\run\config\fml.toml
[26Mar2025 16:53:17.860] [main/WARN] [net.neoforged.fml.loading.FMLConfig/CORE]: Configuration file G:\MODS\AoW\AoW\run\config\fml.toml is not correct. Correcting
[26Mar2025 16:53:17.892] [main/DEBUG] [net.neoforged.fml.loading.targets.CommonLaunchHandler/CORE]: Got mod coordinates mcreator%%G:\MODS\AoW\AoW\build\classes\java\main;mcreator%%G:\MODS\AoW\AoW\build\resources\main from env
[26Mar2025 16:53:17.896] [main/DEBUG] [net.neoforged.fml.loading.targets.CommonLaunchHandler/CORE]: Found supplied mod coordinates [{mcreator=[G:\MODS\AoW\AoW\build\classes\java\main, G:\MODS\AoW\AoW\build\resources\main]}]
[26Mar2025 16:53:17.899] [main/DEBUG] [cpw.mods.modlauncher.TransformationServicesHandler/MODLAUNCHER]: Found additional transformation services from discovery services: 
[26Mar2025 16:53:17.908] [main/INFO] [net.neoforged.fml.loading.ImmediateWindowHandler/]: Loading ImmediateWindowProvider fmlearlywindow
[26Mar2025 16:53:18.028] [main/INFO] [EARLYDISPLAY/]: Trying GL version 4.6
[26Mar2025 16:53:18.252] [main/INFO] [EARLYDISPLAY/]: Requested GL version 4.6 got version 4.6
[26Mar2025 16:53:18.435] [main/DEBUG] [cpw.mods.modlauncher.TransformationServicesHandler/MODLAUNCHER]: Found transformer services : [mixin,fml]
[26Mar2025 16:53:18.435] [main/DEBUG] [cpw.mods.modlauncher.TransformationServicesHandler/MODLAUNCHER]: Transformation services loading
[26Mar2025 16:53:18.437] [main/DEBUG] [cpw.mods.modlauncher.TransformationServiceDecorator/MODLAUNCHER]: Loading service mixin
[26Mar2025 16:53:18.437] [main/DEBUG] [cpw.mods.modlauncher.TransformationServiceDecorator/MODLAUNCHER]: Loaded service mixin
[26Mar2025 16:53:18.438] [main/DEBUG] [cpw.mods.modlauncher.TransformationServiceDecorator/MODLAUNCHER]: Loading service fml
[26Mar2025 16:53:18.438] [main/DEBUG] [net.neoforged.fml.loading.FMLLoader/CORE]: FML 4.0.34 loading
[26Mar2025 16:53:18.439] [main/DEBUG] [net.neoforged.fml.loading.FMLLoader/CORE]: FML found ModLauncher version : 11.0.4+main.d2e20e43
[26Mar2025 16:53:18.439] [main/DEBUG] [net.neoforged.fml.loading.FMLLoader/CORE]: FML found AccessTransformer version : 10.0.1+139da711
[26Mar2025 16:53:18.440] [main/DEBUG] [net.neoforged.fml.loading.FMLLoader/CORE]: FML found EventBus version : null
[26Mar2025 16:53:18.440] [main/DEBUG] [net.neoforged.fml.loading.FMLLoader/CORE]: Found Runtime Dist Cleaner
[26Mar2025 16:53:18.441] [main/DEBUG] [cpw.mods.modlauncher.TransformationServiceDecorator/MODLAUNCHER]: Loaded service fml
[26Mar2025 16:53:18.441] [main/DEBUG] [cpw.mods.modlauncher.TransformationServicesHandler/MODLAUNCHER]: Configuring option handling for services
[26Mar2025 16:53:18.461] [main/DEBUG] [net.neoforged.fml.loading.FMLServiceProvider/CORE]: Received command line version data  : VersionInfo[neoForgeVersion=21.1.92, fmlVersion=4.0.34, mcVersion=1.21.1, neoFormVersion=20240808.144430]
[26Mar2025 16:53:18.462] [main/DEBUG] [cpw.mods.modlauncher.TransformationServicesHandler/MODLAUNCHER]: Transformation services initializing
[26Mar2025 16:53:18.464] [main/DEBUG] [cpw.mods.modlauncher.TransformationServiceDecorator/MODLAUNCHER]: Initializing transformation service mixin
[26Mar2025 16:53:18.491] [main/DEBUG] [mixin/]: MixinService [ModLauncher] was successfully booted in cpw.mods.cl.ModuleClassLoader@b3ca52e
[26Mar2025 16:53:18.526] [main/INFO] [mixin/]: SpongePowered MIXIN Subsystem Version=0.8.7 Source=union:/C:/Users/benlo/.mcreator/gradle/caches/modules-2/files-2.1/net.fabricmc/sponge-mixin/0.15.2+mixin.0.8.7/2af2f021d8e02a0220dc27a7a72b4666d66d44ca/sponge-mixin-0.15.2+mixin.0.8.7.jar%23131!/ Service=ModLauncher Env=CLIENT
[26Mar2025 16:53:18.533] [main/DEBUG] [mixin/]: Initialising Mixin Platform Manager
[26Mar2025 16:53:18.533] [main/DEBUG] [mixin/]: Adding mixin platform agents for container ModLauncher Root Container(ModLauncher:4f56a0a2)
[26Mar2025 16:53:18.535] [main/DEBUG] [mixin/]: Instancing new MixinPlatformAgentMinecraftForge for ModLauncher Root Container(ModLauncher:4f56a0a2)
[26Mar2025 16:53:18.537] [main/DEBUG] [mixin/]: MixinPlatformAgentMinecraftForge rejected container ModLauncher Root Container(ModLauncher:4f56a0a2)
[26Mar2025 16:53:18.539] [main/DEBUG] [mixin/]: Instancing new MixinPlatformAgentDefault for ModLauncher Root Container(ModLauncher:4f56a0a2)
[26Mar2025 16:53:18.539] [main/DEBUG] [mixin/]: MixinPlatformAgentDefault accepted container ModLauncher Root Container(ModLauncher:4f56a0a2)
[26Mar2025 16:53:18.545] [main/DEBUG] [cpw.mods.modlauncher.TransformationServiceDecorator/MODLAUNCHER]: Initialized transformation service mixin
[26Mar2025 16:53:18.545] [main/DEBUG] [cpw.mods.modlauncher.TransformationServiceDecorator/MODLAUNCHER]: Initializing transformation service fml
[26Mar2025 16:53:18.545] [main/DEBUG] [net.neoforged.fml.loading.FMLServiceProvider/CORE]: Setting up basic FML game directories
[26Mar2025 16:53:18.546] [main/DEBUG] [net.neoforged.fml.loading.FMLPaths/CORE]: Path GAMEDIR is G:\MODS\AoW\AoW\run
[26Mar2025 16:53:18.547] [main/DEBUG] [net.neoforged.fml.loading.FMLPaths/CORE]: Path MODSDIR is G:\MODS\AoW\AoW\run\mods
[26Mar2025 16:53:18.547] [main/DEBUG] [net.neoforged.fml.loading.FMLPaths/CORE]: Path CONFIGDIR is G:\MODS\AoW\AoW\run\config
[26Mar2025 16:53:18.547] [main/DEBUG] [net.neoforged.fml.loading.FMLPaths/CORE]: Path FMLCONFIG is G:\MODS\AoW\AoW\run\config\fml.toml
[26Mar2025 16:53:18.547] [main/DEBUG] [net.neoforged.fml.loading.FMLServiceProvider/CORE]: Loading configuration
[26Mar2025 16:53:18.549] [main/WARN] [net.neoforged.fml.loading.FMLConfig/CORE]: Configuration file G:\MODS\AoW\AoW\run\config\fml.toml is not correct. Correcting
[26Mar2025 16:53:18.563] [main/DEBUG] [net.neoforged.fml.loading.FMLServiceProvider/CORE]: Preparing launch handler
[26Mar2025 16:53:18.563] [main/DEBUG] [net.neoforged.fml.loading.FMLLoader/CORE]: Using forgeclientuserdev as launch service
[26Mar2025 16:53:18.564] [main/DEBUG] [cpw.mods.modlauncher.TransformationServiceDecorator/MODLAUNCHER]: Initialized transformation service fml
[26Mar2025 16:53:18.564] [main/DEBUG] [cpw.mods.modlauncher.TransformationServicesHandler/MODLAUNCHER]: Transformation services begin scanning
[26Mar2025 16:53:18.564] [main/DEBUG] [cpw.mods.modlauncher.TransformationServiceDecorator/MODLAUNCHER]: Beginning scan trigger - transformation service mixin
[26Mar2025 16:53:18.566] [main/DEBUG] [cpw.mods.modlauncher.TransformationServiceDecorator/MODLAUNCHER]: End scan trigger - transformation service mixin
[26Mar2025 16:53:18.566] [main/DEBUG] [cpw.mods.modlauncher.TransformationServiceDecorator/MODLAUNCHER]: Beginning scan trigger - transformation service fml
[26Mar2025 16:53:18.566] [main/DEBUG] [net.neoforged.fml.loading.FMLServiceProvider/CORE]: Initiating mod scan
[26Mar2025 16:53:18.568] [main/DEBUG] [net.neoforged.fml.loading.targets.CommonLaunchHandler/CORE]: Got mod coordinates mcreator%%G:\MODS\AoW\AoW\build\classes\java\main;mcreator%%G:\MODS\AoW\AoW\build\resources\main from env
[26Mar2025 16:53:18.569] [main/DEBUG] [net.neoforged.fml.loading.targets.CommonLaunchHandler/CORE]: Found supplied mod coordinates [{mcreator=[G:\MODS\AoW\AoW\build\classes\java\main, G:\MODS\AoW\AoW\build\resources\main]}]
[26Mar2025 16:53:18.581] [main/DEBUG] [net.neoforged.fml.util.ServiceLoaderUtil/CORE]: Found 4 implementations of IModFileCandidateLocator:
[26Mar2025 16:53:18.581] [main/DEBUG] [net.neoforged.fml.util.ServiceLoaderUtil/CORE]: 	       0 - [built-in] net.neoforged.fml.loading.moddiscovery.locators.NeoForgeDevProvider from loader-4.0.34.jar
[26Mar2025 16:53:18.582] [main/DEBUG] [net.neoforged.fml.util.ServiceLoaderUtil/CORE]: 	       0 - net.neoforged.fml.loading.moddiscovery.locators.ModsFolderLocator from loader-4.0.34.jar
[26Mar2025 16:53:18.583] [main/DEBUG] [net.neoforged.fml.util.ServiceLoaderUtil/CORE]: 	       0 - net.neoforged.fml.loading.moddiscovery.locators.MavenDirectoryLocator from loader-4.0.34.jar
[26Mar2025 16:53:18.583] [main/DEBUG] [net.neoforged.fml.util.ServiceLoaderUtil/CORE]: 	   -1000 - [built-in] net.neoforged.fml.loading.moddiscovery.locators.UserdevLocator from loader-4.0.34.jar
[26Mar2025 16:53:18.586] [main/DEBUG] [net.neoforged.fml.util.ServiceLoaderUtil/CORE]: Found 2 implementations of IModFileReader:
[26Mar2025 16:53:18.587] [main/DEBUG] [net.neoforged.fml.util.ServiceLoaderUtil/CORE]: 	       0 - net.neoforged.fml.loading.moddiscovery.readers.JarModsDotTomlModFileReader from loader-4.0.34.jar
[26Mar2025 16:53:18.587] [main/DEBUG] [net.neoforged.fml.util.ServiceLoaderUtil/CORE]: 	   -1000 - net.neoforged.fml.loading.moddiscovery.readers.NestedLibraryModReader from loader-4.0.34.jar
[26Mar2025 16:53:18.589] [main/DEBUG] [net.neoforged.fml.util.ServiceLoaderUtil/CORE]: Found 1 implementations of IDependencyLocator:
[26Mar2025 16:53:18.589] [main/DEBUG] [net.neoforged.fml.util.ServiceLoaderUtil/CORE]: 	       0 - net.neoforged.fml.loading.moddiscovery.locators.JarInJarDependencyLocator from loader-4.0.34.jar
[26Mar2025 16:53:18.724] [main/DEBUG] [net.neoforged.fml.loading.moddiscovery.ModFileInfo/LOADING]: Found valid mod file neoforge-21.1.92.jar with {minecraft} mods - versions {1.21.1}
[26Mar2025 16:53:18.732] [main/DEBUG] [net.neoforged.fml.loading.moddiscovery.ModFileParser/LOADING]: Considering mod file candidate G:\MODS\AoW\AoW\build\moddev\artifacts\neoforge-21.1.92.jar
[26Mar2025 16:53:18.752] [main/DEBUG] [net.neoforged.fml.loading.moddiscovery.ModFileInfo/LOADING]: Found valid mod file neoforge-21.1.92.jar with {neoforge} mods - versions {21.1.92}
[26Mar2025 16:53:18.757] [main/DEBUG] [net.neoforged.fml.loading.moddiscovery.ModFileParser/LOADING]: Considering mod file candidate G:\MODS\AoW\AoW\run\mods\arcanum_of_dimensions-1.0.0-neoforge-1.21.1.jar
[26Mar2025 16:53:18.776] [main/DEBUG] [net.neoforged.fml.loading.moddiscovery.ModFileInfo/LOADING]: Found valid mod file arcanum_of_dimensions-1.0.0-neoforge-1.21.1.jar with {arcanum_of_dimensions} mods - versions {1.0.0}
[26Mar2025 16:53:18.784] [main/DEBUG] [net.neoforged.fml.loading.moddiscovery.ModListHandler/CORE]: Found mod coordinates from lists: []
[26Mar2025 16:53:18.787] [main/DEBUG] [net.neoforged.fml.loading.moddiscovery.ModFileParser/LOADING]: Considering mod file candidate G:\MODS\AoW\AoW\build\classes\java\main
[26Mar2025 16:53:18.792] [main/DEBUG] [net.neoforged.fml.loading.moddiscovery.ModFileInfo/LOADING]: Found valid mod file main with {arcanum_of_wisdom} mods - versions {2.3.0}
[26Mar2025 16:53:18.806] [main/DEBUG] [net.neoforged.fml.loading.moddiscovery.ModFileParser/LOADING]: Considering mod file candidate G:\MODS\AoW\AoW\build\moddev\artifacts\neoforge-21.1.92.jar
[26Mar2025 16:53:18.807] [main/DEBUG] [net.neoforged.fml.loading.moddiscovery.ModFileInfo/LOADING]: Found valid mod file neoforge-21.1.92.jar with {neoforge} mods - versions {21.1.92}
[26Mar2025 16:53:18.814] [pool-2-thread-1/INFO] [EARLYDISPLAY/]: GL info: NVIDIA GeForce RTX 3050 Ti Laptop GPU/PCIe/SSE2 GL version 4.6.0 NVIDIA 572.83, NVIDIA Corporation
[26Mar2025 16:53:18.851] [main/DEBUG] [net.neoforged.fml.loading.moddiscovery.ModDiscoverer/]: Skipping C:\Users\benlo\.mcreator\gradle\caches\modules-2\files-2.1\net.neoforged.fancymodloader\earlydisplay\4.0.34\82cbf8b7ca6a85aa66dfb205cb9bdd9fc03b3fc4\earlydisplay-4.0.34.jar because it was already located earlier
[26Mar2025 16:53:18.851] [main/DEBUG] [net.neoforged.fml.loading.moddiscovery.ModDiscoverer/]: Skipping C:\Users\benlo\.mcreator\gradle\caches\modules-2\files-2.1\net.neoforged.fancymodloader\loader\4.0.34\800457e0f3078baa747c50590009e63df41836ec\loader-4.0.34.jar because it was already located earlier
[26Mar2025 16:53:18.851] [main/DEBUG] [net.neoforged.fml.loading.moddiscovery.ModDiscoverer/]: Skipping C:\Users\benlo\.mcreator\gradle\caches\modules-2\files-2.1\net.neoforged\coremods\7.0.3\9147e6f638b4272b3bd5fc8f92ad37802512c6c\coremods-7.0.3.jar because it was already located earlier
[26Mar2025 16:53:18.851] [main/DEBUG] [net.neoforged.fml.loading.moddiscovery.ModDiscoverer/]: Skipping C:\Users\benlo\.mcreator\gradle\caches\modules-2\files-2.1\cpw.mods\modlauncher\11.0.4\6619d4812a3c092310d521ebc4c9503727563df7\modlauncher-11.0.4.jar because it was already located earlier
[26Mar2025 16:53:18.851] [main/DEBUG] [net.neoforged.fml.loading.moddiscovery.ModDiscoverer/]: Skipping C:\Users\benlo\.mcreator\gradle\caches\modules-2\files-2.1\net.neoforged.accesstransformers\at-modlauncher\10.0.1\5aba50202aceead086bc09fbc2751c9f05cb4890\at-modlauncher-10.0.1.jar because it was already located earlier
[26Mar2025 16:53:18.851] [main/DEBUG] [net.neoforged.fml.loading.moddiscovery.ModDiscoverer/]: Skipping C:\Users\benlo\.mcreator\gradle\caches\modules-2\files-2.1\net.neoforged\accesstransformers\10.0.1\fd83b5725f76eae9115e9355fa1c456a6a441400\accesstransformers-10.0.1.jar because it was already located earlier
[26Mar2025 16:53:18.852] [main/DEBUG] [net.neoforged.fml.loading.moddiscovery.ModDiscoverer/]: Skipping C:\Users\benlo\.mcreator\gradle\caches\modules-2\files-2.1\org.openjdk.nashorn\nashorn-core\15.4\f67f5ffaa5f5130cf6fb9b133da00c7df3b532a5\nashorn-core-15.4.jar because it was already located earlier
[26Mar2025 16:53:18.852] [main/DEBUG] [net.neoforged.fml.loading.moddiscovery.ModDiscoverer/]: Skipping C:\Users\benlo\.mcreator\gradle\caches\modules-2\files-2.1\net.neoforged\mergetool\2.0.3\1275202cbbb248f49345cf6787ce299afd9a02fb\mergetool-2.0.3-api.jar because it was already located earlier
[26Mar2025 16:53:18.853] [main/DEBUG] [net.neoforged.fml.loading.moddiscovery.ModDiscoverer/]: Skipping C:\Users\benlo\.mcreator\gradle\caches\modules-2\files-2.1\net.neoforged\bus\8.0.2\163c9ef7c4bcca6d850c34e95261b606af91fe06\bus-8.0.2.jar because it was already located earlier
[26Mar2025 16:53:18.853] [main/DEBUG] [net.neoforged.fml.loading.moddiscovery.ModDiscoverer/]: Skipping C:\Users\benlo\.mcreator\gradle\caches\modules-2\files-2.1\com.electronwill.night-config\toml\3.8.0\861dbcf2757dd6701c98b3949198549ccb5f62ff\toml-3.8.0.jar because it was already located earlier
[26Mar2025 16:53:18.853] [main/DEBUG] [net.neoforged.fml.loading.moddiscovery.ModDiscoverer/]: Skipping C:\Users\benlo\.mcreator\gradle\caches\modules-2\files-2.1\com.electronwill.night-config\core\3.8.0\2498dd2b3120dd49e963e2feab8fa5d0c5f80e0a\core-3.8.0.jar because it was already located earlier
[26Mar2025 16:53:18.853] [main/DEBUG] [net.neoforged.fml.loading.moddiscovery.ModDiscoverer/]: Skipping C:\Users\benlo\.mcreator\gradle\caches\modules-2\files-2.1\net.neoforged\JarJarSelector\0.4.1\fb3cc7a58af22ad2880adb98af6d518128c47dae\JarJarSelector-0.4.1.jar because it was already located earlier
[26Mar2025 16:53:18.853] [main/DEBUG] [net.neoforged.fml.loading.moddiscovery.ModDiscoverer/]: Skipping C:\Users\benlo\.mcreator\gradle\caches\modules-2\files-2.1\net.neoforged\JarJarMetadata\0.4.1\f8da03683dc81694556dc3e177c5e3bb77ae6fcb\JarJarMetadata-0.4.1.jar because it was already located earlier
[26Mar2025 16:53:18.853] [main/DEBUG] [net.neoforged.fml.loading.moddiscovery.ModDiscoverer/]: Skipping C:\Users\benlo\.mcreator\gradle\caches\modules-2\files-2.1\org.apache.maven\maven-artifact\3.8.5\4433f50c07debefaed0553bd0068f4f48d449313\maven-artifact-3.8.5.jar because it was already located earlier
[26Mar2025 16:53:18.854] [main/DEBUG] [net.neoforged.fml.loading.moddiscovery.ModDiscoverer/]: Skipping C:\Users\benlo\.mcreator\gradle\caches\modules-2\files-2.1\net.jodah\typetools\0.6.3\a01aaa6ddaea9ec07ec4f209487b7a46a526283a\typetools-0.6.3.jar because it was already located earlier
[26Mar2025 16:53:18.854] [main/DEBUG] [net.neoforged.fml.loading.moddiscovery.ModDiscoverer/]: Skipping C:\Users\benlo\.mcreator\gradle\caches\modules-2\files-2.1\net.minecrell\terminalconsoleappender\1.3.0\b562e9bb61235c9520e26282cdee71f8f802d1fc\terminalconsoleappender-1.3.0.jar because it was already located earlier
[26Mar2025 16:53:18.854] [main/DEBUG] [net.neoforged.fml.loading.moddiscovery.ModDiscoverer/]: Skipping C:\Users\benlo\.mcreator\gradle\caches\modules-2\files-2.1\net.fabricmc\sponge-mixin\0.15.2+mixin.0.8.7\2af2f021d8e02a0220dc27a7a72b4666d66d44ca\sponge-mixin-0.15.2+mixin.0.8.7.jar because it was already located earlier
[26Mar2025 16:53:18.854] [main/DEBUG] [net.neoforged.fml.loading.moddiscovery.ModDiscoverer/]: Skipping C:\Users\benlo\.mcreator\gradle\caches\modules-2\files-2.1\org.apache.commons\commons-lang3\3.14.0\1ed471194b02f2c6cb734a0cd6f6f107c673afae\commons-lang3-3.14.0.jar because it was already located earlier
[26Mar2025 16:53:18.854] [main/DEBUG] [net.neoforged.fml.loading.moddiscovery.ModDiscoverer/]: Skipping C:\Users\benlo\.mcreator\gradle\caches\modules-2\files-2.1\com.mojang\logging\1.2.7\24cb95ffb0e3433fd6e844c04e68009e504ca1c0\logging-1.2.7.jar because it was already located earlier
[26Mar2025 16:53:18.854] [main/DEBUG] [net.neoforged.fml.loading.moddiscovery.ModDiscoverer/]: Skipping C:\Users\benlo\.mcreator\gradle\caches\modules-2\files-2.1\org.apache.logging.log4j\log4j-slf4j2-impl\2.22.1\d7e6693c2606cb7e7335047d7bb96dec52db5665\log4j-slf4j2-impl-2.22.1.jar because it was already located earlier
[26Mar2025 16:53:18.854] [main/DEBUG] [net.neoforged.fml.loading.moddiscovery.ModDiscoverer/]: Skipping C:\Users\benlo\.mcreator\gradle\caches\modules-2\files-2.1\org.apache.logging.log4j\log4j-core\2.22.1\7183a25510a02ad00cc6a95d3b3d2a7d3c5a8dc4\log4j-core-2.22.1.jar because it was already located earlier
[26Mar2025 16:53:18.855] [main/DEBUG] [net.neoforged.fml.loading.moddiscovery.ModDiscoverer/]: Skipping C:\Users\benlo\.mcreator\gradle\caches\modules-2\files-2.1\org.apache.logging.log4j\log4j-api\2.22.1\bea6fede6328fabafd7e68363161a7ea6605abd1\log4j-api-2.22.1.jar because it was already located earlier
[26Mar2025 16:53:18.855] [main/DEBUG] [net.neoforged.fml.loading.moddiscovery.ModDiscoverer/]: Skipping C:\Users\benlo\.mcreator\gradle\caches\modules-2\files-2.1\net.sf.jopt-simple\jopt-simple\5.0.4\4fdac2fbe92dfad86aa6e9301736f6b4342a3f5c\jopt-simple-5.0.4.jar because it was already located earlier
[26Mar2025 16:53:18.855] [main/DEBUG] [net.neoforged.fml.loading.moddiscovery.ModDiscoverer/]: Skipping C:\Users\benlo\.mcreator\gradle\caches\modules-2\files-2.1\commons-io\commons-io\2.15.1\f11560da189ab563a5c8e351941415430e9304ea\commons-io-2.15.1.jar because it was already located earlier
[26Mar2025 16:53:18.855] [main/DEBUG] [net.neoforged.fml.loading.moddiscovery.ModDiscoverer/]: Skipping C:\Users\benlo\.mcreator\gradle\caches\modules-2\files-2.1\com.google.guava\guava\32.1.2-jre\5e64ec7e056456bef3a4bc4c6fdaef71e8ab6318\guava-32.1.2-jre.jar because it was already located earlier
[26Mar2025 16:53:18.855] [main/DEBUG] [net.neoforged.fml.loading.moddiscovery.ModDiscoverer/]: Skipping C:\Users\benlo\.mcreator\gradle\caches\modules-2\files-2.1\com.google.code.gson\gson\2.10.1\b3add478d4382b78ea20b1671390a858002feb6c\gson-2.10.1.jar because it was already located earlier
[26Mar2025 16:53:18.855] [main/DEBUG] [net.neoforged.fml.loading.moddiscovery.ModDiscoverer/]: Skipping C:\Users\benlo\.mcreator\gradle\caches\modules-2\files-2.1\org.slf4j\slf4j-api\2.0.9\7cf2726fdcfbc8610f9a71fb3ed639871f315340\slf4j-api-2.0.9.jar because it was already located earlier
[26Mar2025 16:53:18.855] [main/DEBUG] [net.neoforged.fml.loading.moddiscovery.ModDiscoverer/]: Skipping C:\Users\benlo\.mcreator\gradle\caches\modules-2\files-2.1\org.antlr\antlr4-runtime\4.13.1\17125bae1d965624e265ef49552f6465a2bfa307\antlr4-runtime-4.13.1.jar because it was already located earlier
[26Mar2025 16:53:18.855] [main/DEBUG] [net.neoforged.fml.loading.moddiscovery.ModDiscoverer/]: Skipping C:\Users\benlo\.mcreator\gradle\caches\modules-2\files-2.1\net.minecraftforge\srgutils\0.4.15\ca408b131759478f164e010fae0d73997e125fb5\srgutils-0.4.15.jar because it was already located earlier
[26Mar2025 16:53:18.855] [main/DEBUG] [net.neoforged.fml.loading.moddiscovery.ModDiscoverer/]: Skipping C:\Users\benlo\.mcreator\gradle\caches\modules-2\files-2.1\org.codehaus.plexus\plexus-utils\3.3.0\cf43b5391de623b36fe066a21127baef82c64022\plexus-utils-3.3.0.jar because it was already located earlier
[26Mar2025 16:53:18.856] [main/DEBUG] [net.neoforged.fml.loading.moddiscovery.ModDiscoverer/]: Skipping C:\Users\benlo\.mcreator\gradle\caches\modules-2\files-2.1\org.jline\jline-reader\3.20.0\8f15415b022a25b473e8e16c28ae913186ffb9c4\jline-reader-3.20.0.jar because it was already located earlier
[26Mar2025 16:53:18.856] [main/DEBUG] [net.neoforged.fml.loading.moddiscovery.ModDiscoverer/]: Skipping C:\Users\benlo\.mcreator\gradle\caches\modules-2\files-2.1\com.machinezoo.noexception\noexception\1.7.1\b65330c98e38a1f915fa54a6e5eca496505e3f0a\noexception-1.7.1.jar because it was already located earlier
[26Mar2025 16:53:18.856] [main/DEBUG] [net.neoforged.fml.loading.moddiscovery.ModDiscoverer/]: Skipping C:\Users\benlo\.mcreator\gradle\caches\modules-2\files-2.1\com.github.oshi\oshi-core\6.4.10\b1d8ab82d11d92fd639b56d639f8f46f739dd5fa\oshi-core-6.4.10.jar because it was already located earlier
[26Mar2025 16:53:18.857] [main/DEBUG] [net.neoforged.fml.loading.moddiscovery.ModDiscoverer/]: Skipping C:\Users\benlo\.mcreator\gradle\caches\modules-2\files-2.1\com.google.guava\failureaccess\1.0.1\1dcf1de382a0bf95a3d8b0849546c88bac1292c9\failureaccess-1.0.1.jar because it was already located earlier
[26Mar2025 16:53:18.857] [main/DEBUG] [net.neoforged.fml.loading.moddiscovery.ModDiscoverer/]: Skipping C:\Users\benlo\.mcreator\gradle\caches\modules-2\files-2.1\com.ibm.icu\icu4j\73.2\61ad4ef7f9131fcf6d25c34b817f90d6da06c9e9\icu4j-73.2.jar because it was already located earlier
[26Mar2025 16:53:18.857] [main/DEBUG] [net.neoforged.fml.loading.moddiscovery.ModDiscoverer/]: Skipping C:\Users\benlo\.mcreator\gradle\caches\modules-2\files-2.1\com.mojang\authlib\6.0.54\de8bc95660e1b2fe8793fd427a7a10dcec5b3ea7\authlib-6.0.54.jar because it was already located earlier
[26Mar2025 16:53:18.857] [main/DEBUG] [net.neoforged.fml.loading.moddiscovery.ModDiscoverer/]: Skipping C:\Users\benlo\.mcreator\gradle\caches\modules-2\files-2.1\com.mojang\blocklist\1.0.10\5c685c5ffa94c4cd39496c7184c1d122e515ecef\blocklist-1.0.10.jar because it was already located earlier
[26Mar2025 16:53:18.857] [main/DEBUG] [net.neoforged.fml.loading.moddiscovery.ModDiscoverer/]: Skipping C:\Users\benlo\.mcreator\gradle\caches\modules-2\files-2.1\com.mojang\brigadier\1.3.10\d15b53a14cf20fdcaa98f731af5dda654452c010\brigadier-1.3.10.jar because it was already located earlier
[26Mar2025 16:53:18.857] [main/DEBUG] [net.neoforged.fml.loading.moddiscovery.ModDiscoverer/]: Skipping C:\Users\benlo\.mcreator\gradle\caches\modules-2\files-2.1\com.mojang\datafixerupper\8.0.16\67d4de6d7f95d89bcf5862995fb854ebaec02a34\datafixerupper-8.0.16.jar because it was already located earlier
[26Mar2025 16:53:18.858] [main/DEBUG] [net.neoforged.fml.loading.moddiscovery.ModDiscoverer/]: Skipping C:\Users\benlo\.mcreator\gradle\caches\modules-2\files-2.1\com.mojang\patchy\2.2.10\da05971b07cbb379d002cf7eaec6a2048211fefc\patchy-2.2.10.jar because it was already located earlier
[26Mar2025 16:53:18.858] [main/DEBUG] [net.neoforged.fml.loading.moddiscovery.ModDiscoverer/]: Skipping C:\Users\benlo\.mcreator\gradle\caches\modules-2\files-2.1\com.mojang\text2speech\1.17.9\3cad216e3a7f0c19b4b394388bc9ffc446f13b14\text2speech-1.17.9.jar because it was already located earlier
[26Mar2025 16:53:18.858] [main/DEBUG] [net.neoforged.fml.loading.moddiscovery.ModDiscoverer/]: Skipping C:\Users\benlo\.mcreator\gradle\caches\modules-2\files-2.1\commons-codec\commons-codec\1.16.0\4e3eb3d79888d76b54e28b350915b5dc3919c9de\commons-codec-1.16.0.jar because it was already located earlier
[26Mar2025 16:53:18.858] [main/DEBUG] [net.neoforged.fml.loading.moddiscovery.ModDiscoverer/]: Skipping C:\Users\benlo\.mcreator\gradle\caches\modules-2\files-2.1\commons-logging\commons-logging\1.2\4bfc12adfe4842bf07b657f0369c4cb522955686\commons-logging-1.2.jar because it was already located earlier
[26Mar2025 16:53:18.858] [main/DEBUG] [net.neoforged.fml.loading.moddiscovery.ModDiscoverer/]: Skipping C:\Users\benlo\.mcreator\gradle\caches\modules-2\files-2.1\io.netty\netty-buffer\4.1.97.Final\f8f3d8644afa5e6e1a40a3a6aeb9d9aa970ecb4f\netty-buffer-4.1.97.Final.jar because it was already located earlier
[26Mar2025 16:53:18.858] [main/DEBUG] [net.neoforged.fml.loading.moddiscovery.ModDiscoverer/]: Skipping C:\Users\benlo\.mcreator\gradle\caches\modules-2\files-2.1\io.netty\netty-codec\4.1.97.Final\384ba4d75670befbedb45c4d3b497a93639c206d\netty-codec-4.1.97.Final.jar because it was already located earlier
[26Mar2025 16:53:18.858] [main/DEBUG] [net.neoforged.fml.loading.moddiscovery.ModDiscoverer/]: Skipping C:\Users\benlo\.mcreator\gradle\caches\modules-2\files-2.1\io.netty\netty-common\4.1.97.Final\7cceacaf11df8dc63f23d0fb58e9d4640fc88404\netty-common-4.1.97.Final.jar because it was already located earlier
[26Mar2025 16:53:18.858] [main/DEBUG] [net.neoforged.fml.loading.moddiscovery.ModDiscoverer/]: Skipping C:\Users\benlo\.mcreator\gradle\caches\modules-2\files-2.1\io.netty\netty-handler\4.1.97.Final\abb86c6906bf512bf2b797a41cd7d2e8d3cd7c36\netty-handler-4.1.97.Final.jar because it was already located earlier
[26Mar2025 16:53:18.859] [main/DEBUG] [net.neoforged.fml.loading.moddiscovery.ModDiscoverer/]: Skipping C:\Users\benlo\.mcreator\gradle\caches\modules-2\files-2.1\io.netty\netty-resolver\4.1.97.Final\cec8348108dc76c47cf87c669d514be52c922144\netty-resolver-4.1.97.Final.jar because it was already located earlier
[26Mar2025 16:53:18.859] [main/DEBUG] [net.neoforged.fml.loading.moddiscovery.ModDiscoverer/]: Skipping C:\Users\benlo\.mcreator\gradle\caches\modules-2\files-2.1\io.netty\netty-transport-classes-epoll\4.1.97.Final\795da37ded759e862457a82d9d92c4d39ce8ecee\netty-transport-classes-epoll-4.1.97.Final.jar because it was already located earlier
[26Mar2025 16:53:18.859] [main/DEBUG] [net.neoforged.fml.loading.moddiscovery.ModDiscoverer/]: Skipping C:\Users\benlo\.mcreator\gradle\caches\modules-2\files-2.1\io.netty\netty-transport-native-unix-common\4.1.97.Final\d469d84265ab70095b01b40886cabdd433b6e664\netty-transport-native-unix-common-4.1.97.Final.jar because it was already located earlier
[26Mar2025 16:53:18.859] [main/DEBUG] [net.neoforged.fml.loading.moddiscovery.ModDiscoverer/]: Skipping C:\Users\benlo\.mcreator\gradle\caches\modules-2\files-2.1\io.netty\netty-transport\4.1.97.Final\f37380d23c9bb079bc702910833b2fd532c9abd0\netty-transport-4.1.97.Final.jar because it was already located earlier
[26Mar2025 16:53:18.859] [main/DEBUG] [net.neoforged.fml.loading.moddiscovery.ModDiscoverer/]: Skipping C:\Users\benlo\.mcreator\gradle\caches\modules-2\files-2.1\it.unimi.dsi\fastutil\8.5.12\c24946d46824bd528054bface3231d2ecb7e95e8\fastutil-8.5.12.jar because it was already located earlier
[26Mar2025 16:53:18.859] [main/DEBUG] [net.neoforged.fml.loading.moddiscovery.ModDiscoverer/]: Skipping C:\Users\benlo\.mcreator\gradle\caches\modules-2\files-2.1\net.java.dev.jna\jna-platform\5.14.0\28934d48aed814f11e4c584da55c49fa7032b31b\jna-platform-5.14.0.jar because it was already located earlier
[26Mar2025 16:53:18.859] [main/DEBUG] [net.neoforged.fml.loading.moddiscovery.ModDiscoverer/]: Skipping C:\Users\benlo\.mcreator\gradle\caches\modules-2\files-2.1\net.java.dev.jna\jna\5.14.0\67bf3eaea4f0718cb376a181a629e5f88fa1c9dd\jna-5.14.0.jar because it was already located earlier
[26Mar2025 16:53:18.860] [main/DEBUG] [net.neoforged.fml.loading.moddiscovery.ModDiscoverer/]: Skipping C:\Users\benlo\.mcreator\gradle\caches\modules-2\files-2.1\org.apache.commons\commons-compress\1.26.0\659feffdd12280201c8aacb8f7be94f9a883c824\commons-compress-1.26.0.jar because it was already located earlier
[26Mar2025 16:53:18.860] [main/DEBUG] [net.neoforged.fml.loading.moddiscovery.ModDiscoverer/]: Skipping C:\Users\benlo\.mcreator\gradle\caches\modules-2\files-2.1\org.apache.httpcomponents\httpclient\4.5.13\e5f6cae5ca7ecaac1ec2827a9e2d65ae2869cada\httpclient-4.5.13.jar because it was already located earlier
[26Mar2025 16:53:18.860] [main/DEBUG] [net.neoforged.fml.loading.moddiscovery.ModDiscoverer/]: Skipping C:\Users\benlo\.mcreator\gradle\caches\modules-2\files-2.1\org.apache.httpcomponents\httpcore\4.4.16\51cf043c87253c9f58b539c9f7e44c8894223850\httpcore-4.4.16.jar because it was already located earlier
[26Mar2025 16:53:18.860] [main/DEBUG] [net.neoforged.fml.loading.moddiscovery.ModDiscoverer/]: Skipping C:\Users\benlo\.mcreator\gradle\caches\modules-2\files-2.1\org.jcraft\jorbis\0.0.17\8872d22b293e8f5d7d56ff92be966e6dc28ebdc6\jorbis-0.0.17.jar because it was already located earlier
[26Mar2025 16:53:18.860] [main/DEBUG] [net.neoforged.fml.loading.moddiscovery.ModDiscoverer/]: Skipping C:\Users\benlo\.mcreator\gradle\caches\modules-2\files-2.1\org.joml\joml\1.10.5\22566d58af70ad3d72308bab63b8339906deb649\joml-1.10.5.jar because it was already located earlier
[26Mar2025 16:53:18.860] [main/DEBUG] [net.neoforged.fml.loading.moddiscovery.ModDiscoverer/]: Skipping C:\Users\benlo\.mcreator\gradle\caches\modules-2\files-2.1\org.lwjgl\lwjgl-freetype\3.3.3\a0db6c84a8becc8ca05f9dbfa985edc348a824c7\lwjgl-freetype-3.3.3.jar because it was already located earlier
[26Mar2025 16:53:18.870] [main/DEBUG] [net.neoforged.fml.loading.moddiscovery.ModDiscoverer/]: Skipping C:\Users\benlo\.mcreator\gradle\caches\modules-2\files-2.1\org.lwjgl\lwjgl-freetype\3.3.3\15a8c1de7f51d07a92eae7ce1222557073a0c0c3\lwjgl-freetype-3.3.3-natives-windows-x86.jar because it was already located earlier
[26Mar2025 16:53:18.871] [main/DEBUG] [net.neoforged.fml.loading.moddiscovery.ModDiscoverer/]: Skipping C:\Users\benlo\.mcreator\gradle\caches\modules-2\files-2.1\org.lwjgl\lwjgl-glfw\3.3.3\efa1eb78c5ccd840e9f329717109b5e892d72f8e\lwjgl-glfw-3.3.3.jar because it was already located earlier
[26Mar2025 16:53:18.879] [main/DEBUG] [net.neoforged.fml.loading.moddiscovery.ModDiscoverer/]: Skipping C:\Users\benlo\.mcreator\gradle\caches\modules-2\files-2.1\org.lwjgl\lwjgl-glfw\3.3.3\32334f3fd5270a59bad9939a93115acb6de36dcf\lwjgl-glfw-3.3.3-natives-windows-x86.jar because it was already located earlier
[26Mar2025 16:53:18.879] [main/DEBUG] [net.neoforged.fml.loading.moddiscovery.ModDiscoverer/]: Skipping C:\Users\benlo\.mcreator\gradle\caches\modules-2\files-2.1\org.lwjgl\lwjgl-jemalloc\3.3.3\b543467b7ff3c6920539a88ee602d34098628be5\lwjgl-jemalloc-3.3.3.jar because it was already located earlier
[26Mar2025 16:53:18.879] [main/DEBUG] [net.neoforged.fml.loading.moddiscovery.ModDiscoverer/]: Skipping C:\Users\benlo\.mcreator\gradle\caches\modules-2\files-2.1\org.lwjgl\lwjgl-jemalloc\3.3.3\426222fc027602a5f21b9c0fe79cde6a4c7a011f\lwjgl-jemalloc-3.3.3-natives-windows.jar because it was already located earlier
[26Mar2025 16:53:18.888] [main/DEBUG] [net.neoforged.fml.loading.moddiscovery.ModDiscoverer/]: Skipping C:\Users\benlo\.mcreator\gradle\caches\modules-2\files-2.1\org.lwjgl\lwjgl-openal\3.3.3\daada81ceb5fc0c291fbfdd4433cb8d9423577f2\lwjgl-openal-3.3.3.jar because it was already located earlier
[26Mar2025 16:53:18.896] [main/DEBUG] [net.neoforged.fml.loading.moddiscovery.ModDiscoverer/]: Skipping C:\Users\benlo\.mcreator\gradle\caches\modules-2\files-2.1\org.lwjgl\lwjgl-openal\3.3.3\87b8d5050e3adb46bb58fe1cb2669a4a48fce10d\lwjgl-openal-3.3.3-natives-windows-x86.jar because it was already located earlier
[26Mar2025 16:53:18.898] [main/DEBUG] [net.neoforged.fml.loading.moddiscovery.ModDiscoverer/]: Skipping C:\Users\benlo\.mcreator\gradle\caches\modules-2\files-2.1\org.lwjgl\lwjgl-opengl\3.3.3\2f6b0147078396a58979125a4c947664e98293a\lwjgl-opengl-3.3.3.jar because it was already located earlier
[26Mar2025 16:53:18.903] [main/DEBUG] [net.neoforged.fml.loading.moddiscovery.ModDiscoverer/]: Skipping C:\Users\benlo\.mcreator\gradle\caches\modules-2\files-2.1\org.lwjgl\lwjgl-opengl\3.3.3\65e956d3735a1abdc82eff4baec1b61174697d4b\lwjgl-opengl-3.3.3-natives-windows-arm64.jar because it was already located earlier
[26Mar2025 16:53:18.909] [main/DEBUG] [net.neoforged.fml.loading.moddiscovery.ModDiscoverer/]: Skipping C:\Users\benlo\.mcreator\gradle\caches\modules-2\files-2.1\org.lwjgl\lwjgl-stb\3.3.3\25dd6161988d7e65f71d5065c99902402ee32746\lwjgl-stb-3.3.3.jar because it was already located earlier
[26Mar2025 16:53:18.909] [main/DEBUG] [net.neoforged.fml.loading.moddiscovery.ModDiscoverer/]: Skipping C:\Users\benlo\.mcreator\gradle\caches\modules-2\files-2.1\org.lwjgl\lwjgl-stb\3.3.3\1d9facdf6541de114b0f963be33505b7679c78cb\lwjgl-stb-3.3.3-natives-windows.jar because it was already located earlier
[26Mar2025 16:53:18.920] [main/DEBUG] [net.neoforged.fml.loading.moddiscovery.ModDiscoverer/]: Skipping C:\Users\benlo\.mcreator\gradle\caches\modules-2\files-2.1\org.lwjgl\lwjgl-tinyfd\3.3.3\82d755ca94b102e9ca77283b9e2dc46d1b15fbe5\lwjgl-tinyfd-3.3.3.jar because it was already located earlier
[26Mar2025 16:53:18.920] [main/DEBUG] [net.neoforged.fml.loading.moddiscovery.ModDiscoverer/]: Skipping C:\Users\benlo\.mcreator\gradle\caches\modules-2\files-2.1\org.lwjgl\lwjgl-tinyfd\3.3.3\a6697981b0449a5087c1d546fc08b4f73e8f98c9\lwjgl-tinyfd-3.3.3-natives-windows.jar because it was already located earlier
[26Mar2025 16:53:18.930] [main/DEBUG] [net.neoforged.fml.loading.moddiscovery.ModDiscoverer/]: Skipping C:\Users\benlo\.mcreator\gradle\caches\modules-2\files-2.1\org.lwjgl\lwjgl\3.3.3\29589b5f87ed335a6c7e7ee6a5775f81f97ecb84\lwjgl-3.3.3.jar because it was already located earlier
[26Mar2025 16:53:18.939] [main/DEBUG] [net.neoforged.fml.loading.moddiscovery.ModDiscoverer/]: Skipping C:\Users\benlo\.mcreator\gradle\caches\modules-2\files-2.1\org.lwjgl\lwjgl\3.3.3\9e670718e050aeaeea0c2d5b907cffb142f2e58f\lwjgl-3.3.3-natives-windows-x86.jar because it was already located earlier
[26Mar2025 16:53:18.939] [main/DEBUG] [net.neoforged.fml.loading.moddiscovery.ModDiscoverer/]: Skipping C:\Users\benlo\.mcreator\gradle\caches\modules-2\files-2.1\org.lz4\lz4-java\1.8.0\4b986a99445e49ea5fbf5d149c4b63f6ed6c6780\lz4-java-1.8.0.jar because it was already located earlier
[26Mar2025 16:53:18.939] [main/DEBUG] [net.neoforged.fml.loading.moddiscovery.ModDiscoverer/]: Skipping C:\Users\benlo\.mcreator\gradle\caches\modules-2\files-2.1\org.jline\jline-terminal\3.20.0\d0ddcc708ddf527a3454c941b7b9225cc83a15ff\jline-terminal-3.20.0.jar because it was already located earlier
[26Mar2025 16:53:18.939] [main/DEBUG] [net.neoforged.fml.loading.moddiscovery.ModDiscoverer/]: Skipping C:\Users\benlo\.mcreator\gradle\caches\modules-2\files-2.1\com.google.guava\listenablefuture\9999.0-empty-to-avoid-conflict-with-guava\b421526c5f297295adef1c886e5246c39d4ac629\listenablefuture-9999.0-empty-to-avoid-conflict-with-guava.jar because it was already located earlier
[26Mar2025 16:53:18.939] [main/DEBUG] [net.neoforged.fml.loading.moddiscovery.ModDiscoverer/]: Skipping C:\Users\benlo\.mcreator\gradle\caches\modules-2\files-2.1\com.google.code.findbugs\jsr305\3.0.2\25ea2e8b0c338a877313bd4672d3fe056ea78f0d\jsr305-3.0.2.jar because it was already located earlier
[26Mar2025 16:53:18.939] [main/DEBUG] [net.neoforged.fml.loading.moddiscovery.ModDiscoverer/]: Skipping C:\Users\benlo\.mcreator\gradle\caches\modules-2\files-2.1\org.checkerframework\checker-qual\3.33.0\de2b60b62da487644fc11f734e73c8b0b431238f\checker-qual-3.33.0.jar because it was already located earlier
[26Mar2025 16:53:18.939] [main/DEBUG] [net.neoforged.fml.loading.moddiscovery.ModDiscoverer/]: Skipping C:\Users\benlo\.mcreator\gradle\caches\modules-2\files-2.1\com.google.errorprone\error_prone_annotations\2.18.0\89b684257096f548fa39a7df9fdaa409d4d4df91\error_prone_annotations-2.18.0.jar because it was already located earlier
[26Mar2025 16:53:18.940] [main/DEBUG] [net.neoforged.fml.loading.moddiscovery.ModDiscoverer/]: Skipping C:\Users\benlo\.mcreator\gradle\caches\modules-2\files-2.1\com.google.j2objc\j2objc-annotations\2.8\c85270e307e7b822f1086b93689124b89768e273\j2objc-annotations-2.8.jar because it was already located earlier
[26Mar2025 16:53:18.942] [main/DEBUG] [net.neoforged.fml.loading.UniqueModListBuilder/]: Found 2 mods for first modid neoforge, selecting most recent based on version data
[26Mar2025 16:53:18.943] [main/DEBUG] [net.neoforged.fml.loading.UniqueModListBuilder/]: Selected file neoforge-21.1.92.jar for modid neoforge with version 21.1.92
[26Mar2025 16:53:19.137] [main/INFO] [net.neoforged.fml.loading.moddiscovery.locators.JarInJarDependencyLocator/]: Found 2 dependencies adding them to mods collection
[26Mar2025 16:53:19.139] [main/INFO] [net.neoforged.fml.loading.moddiscovery.ModDiscoverer/]: 
     Mod List:
		Name Version (Mod Id)

		Arcanum of Dimensions 1.0.0 (arcanum_of_dimensions)
		Arcanum of Wisdom 2.3.0 (arcanum_of_wisdom)
		Minecraft 1.21.1 (minecraft)
		NeoForge 21.1.92 (neoforge)
[26Mar2025 16:53:19.142] [main/DEBUG] [net.neoforged.fml.loading.moddiscovery.ModFileInfo/LOADING]: Found valid mod file neoforge-21.1.92.jar with {minecraft} mods - versions {1.21.1}
[26Mar2025 16:53:19.145] [main/DEBUG] [net.neoforged.fml.loading.moddiscovery.ModFile/LOADING]: Loading mod file G:\MODS\AoW\AoW\build\moddev\artifacts\neoforge-21.1.92.jar with languages [LanguageSpec[languageName=minecraft, acceptedVersions=1]]
[26Mar2025 16:53:19.146] [main/DEBUG] [net.neoforged.fml.loading.moddiscovery.ModFileParser/LOADING]: Considering mod file candidate G:\MODS\AoW\AoW\build\classes\java\main
[26Mar2025 16:53:19.148] [main/DEBUG] [net.neoforged.fml.loading.moddiscovery.ModFileInfo/LOADING]: Found valid mod file main with {arcanum_of_wisdom} mods - versions {2.3.0}
[26Mar2025 16:53:19.149] [main/DEBUG] [net.neoforged.fml.loading.moddiscovery.ModFile/LOADING]: Loading mod file G:\MODS\AoW\AoW\build\classes\java\main with languages [LanguageSpec[languageName=javafml, acceptedVersions=[4,)]]
[26Mar2025 16:53:19.149] [main/DEBUG] [net.neoforged.fml.loading.moddiscovery.ModFileParser/LOADING]: Considering mod file candidate G:\MODS\AoW\AoW\run\mods\arcanum_of_dimensions-1.0.0-neoforge-1.21.1.jar
[26Mar2025 16:53:19.150] [main/DEBUG] [net.neoforged.fml.loading.moddiscovery.ModFileInfo/LOADING]: Found valid mod file arcanum_of_dimensions-1.0.0-neoforge-1.21.1.jar with {arcanum_of_dimensions} mods - versions {1.0.0}
[26Mar2025 16:53:19.151] [main/DEBUG] [net.neoforged.fml.loading.moddiscovery.ModFile/LOADING]: Loading mod file G:\MODS\AoW\AoW\run\mods\arcanum_of_dimensions-1.0.0-neoforge-1.21.1.jar with languages [LanguageSpec[languageName=javafml, acceptedVersions=[4,)]]
[26Mar2025 16:53:19.151] [main/DEBUG] [net.neoforged.fml.loading.moddiscovery.ModFileParser/LOADING]: Considering mod file candidate G:\MODS\AoW\AoW\build\moddev\artifacts\neoforge-21.1.92.jar
[26Mar2025 16:53:19.152] [main/DEBUG] [net.neoforged.fml.loading.moddiscovery.ModFileInfo/LOADING]: Found valid mod file neoforge-21.1.92.jar with {neoforge} mods - versions {21.1.92}
[26Mar2025 16:53:19.152] [main/DEBUG] [net.neoforged.fml.loading.moddiscovery.ModFile/LOADING]: Loading mod file G:\MODS\AoW\AoW\build\moddev\artifacts\neoforge-21.1.92.jar with languages [LanguageSpec[languageName=javafml, acceptedVersions=[3,]]]
[26Mar2025 16:53:19.153] [main/DEBUG] [net.neoforged.fml.loading.moddiscovery.ModFile/LOADING]: Found mixin config neoforge.mixins.json
[26Mar2025 16:53:19.154] [main/DEBUG] [net.neoforged.fml.loading.moddiscovery.ModFile/LOADING]: Loading mod file  with languages []
[26Mar2025 16:53:19.155] [main/DEBUG] [cpw.mods.modlauncher.TransformationServiceDecorator/MODLAUNCHER]: End scan trigger - transformation service fml
[26Mar2025 16:53:19.168] [main/DEBUG] [net.neoforged.fml.util.ServiceLoaderUtil/CORE]: Found 3 implementations of IModLanguageLoader:
[26Mar2025 16:53:19.169] [main/DEBUG] [net.neoforged.fml.util.ServiceLoaderUtil/CORE]: 	net.neoforged.fml.javafmlmod.FMLJavaModLanguageProvider from loader-4.0.34.jar
[26Mar2025 16:53:19.169] [main/DEBUG] [net.neoforged.fml.util.ServiceLoaderUtil/CORE]: 	net.neoforged.fml.lowcodemod.LowCodeModLanguageProvider from loader-4.0.34.jar
[26Mar2025 16:53:19.169] [main/DEBUG] [net.neoforged.fml.util.ServiceLoaderUtil/CORE]: 	net.neoforged.fml.mclanguageprovider.MinecraftModLanguageProvider from loader-4.0.34.jar
[26Mar2025 16:53:19.169] [main/DEBUG] [net.neoforged.fml.loading.LanguageProviderLoader/CORE]: Found language provider javafml, version 4.0.34
[26Mar2025 16:53:19.171] [main/DEBUG] [net.neoforged.fml.loading.LanguageProviderLoader/CORE]: Found language provider lowcodefml, version 4.0.34
[26Mar2025 16:53:19.171] [main/DEBUG] [net.neoforged.fml.loading.LanguageProviderLoader/CORE]: Found language provider minecraft, version 4.0.34
[26Mar2025 16:53:19.178] [main/DEBUG] [net.neoforged.fml.loading.ModSorter/]: Configured system mods: [minecraft, neoforge]
[26Mar2025 16:53:19.178] [main/DEBUG] [net.neoforged.fml.loading.ModSorter/]: Found system mod: minecraft
[26Mar2025 16:53:19.178] [main/DEBUG] [net.neoforged.fml.loading.ModSorter/]: Found system mod: neoforge
[26Mar2025 16:53:19.180] [main/DEBUG] [net.neoforged.fml.loading.ModSorter/LOADING]: Found 4 mod requirements (4 mandatory, 0 optional)
[26Mar2025 16:53:19.181] [main/DEBUG] [net.neoforged.fml.loading.ModSorter/LOADING]: Found 0 mod requirements missing (0 mandatory, 0 optional)
[26Mar2025 16:53:19.363] [main/DEBUG] [mixin/]: Adding mixin platform agents for container net.neoforged.fml.loading.mixin.FMLMixinContainerHandle@56d93692
[26Mar2025 16:53:19.363] [main/DEBUG] [mixin/]: Instancing new MixinPlatformAgentMinecraftForge for net.neoforged.fml.loading.mixin.FMLMixinContainerHandle@56d93692
[26Mar2025 16:53:19.364] [main/DEBUG] [mixin/]: MixinPlatformAgentMinecraftForge rejected container net.neoforged.fml.loading.mixin.FMLMixinContainerHandle@56d93692
[26Mar2025 16:53:19.364] [main/DEBUG] [mixin/]: Instancing new MixinPlatformAgentDefault for net.neoforged.fml.loading.mixin.FMLMixinContainerHandle@56d93692
[26Mar2025 16:53:19.364] [main/DEBUG] [mixin/]: MixinPlatformAgentDefault accepted container net.neoforged.fml.loading.mixin.FMLMixinContainerHandle@56d93692
[26Mar2025 16:53:19.364] [main/DEBUG] [mixin/]: Instancing new FMLMixinPlatformAgent for net.neoforged.fml.loading.mixin.FMLMixinContainerHandle@56d93692
[26Mar2025 16:53:19.364] [main/DEBUG] [mixin/]: FMLMixinPlatformAgent accepted container net.neoforged.fml.loading.mixin.FMLMixinContainerHandle@56d93692
[26Mar2025 16:53:19.380] [main/DEBUG] [cpw.mods.modlauncher.TransformationServicesHandler/MODLAUNCHER]: Transformation services loading transformers
[26Mar2025 16:53:19.381] [main/DEBUG] [cpw.mods.modlauncher.TransformationServiceDecorator/MODLAUNCHER]: Initializing transformers for transformation service mixin
[26Mar2025 16:53:19.383] [main/DEBUG] [cpw.mods.modlauncher.TransformationServiceDecorator/MODLAUNCHER]: Initialized transformers for transformation service mixin
[26Mar2025 16:53:19.384] [main/DEBUG] [cpw.mods.modlauncher.TransformationServiceDecorator/MODLAUNCHER]: Initializing transformers for transformation service fml
[26Mar2025 16:53:19.384] [main/DEBUG] [net.neoforged.fml.loading.FMLServiceProvider/LOADING]: Loading coremod transformers
[26Mar2025 16:53:19.384] [main/DEBUG] [net.neoforged.fml.loading.FMLServiceProvider/CORE]: Not loading coremod script-engine since no mod requested it
[26Mar2025 16:53:19.385] [main/DEBUG] [net.neoforged.fml.util.ServiceLoaderUtil/CORE]: Found 1 implementations of ICoreMod:
[26Mar2025 16:53:19.385] [main/DEBUG] [net.neoforged.fml.util.ServiceLoaderUtil/CORE]: 	net.neoforged.neoforge.coremods.NeoForgeCoreMod from neoforge-21.1.92.jar > neoforge-coremods-21.1.92.jar
[26Mar2025 16:53:19.400] [main/DEBUG] [net.neoforged.fml.loading.FMLServiceProvider/CORE]: Adding [Target[className=net.minecraft.world.level.biome.Biome, elementName=, elementDescriptor=, targetType=cpw.mods.modlauncher.api.TargetType@674658f7]] transformer from core-mod net.neoforged.neoforge.coremods.NeoForgeCoreMod@29528a22 in neoforge-21.1.92.jar > neoforge-coremods-21.1.92.jar
[26Mar2025 16:53:19.401] [main/DEBUG] [net.neoforged.fml.loading.FMLServiceProvider/CORE]: Adding [Target[className=net.minecraft.world.level.levelgen.structure.Structure, elementName=, elementDescriptor=, targetType=cpw.mods.modlauncher.api.TargetType@674658f7]] transformer from core-mod net.neoforged.neoforge.coremods.NeoForgeCoreMod@29528a22 in neoforge-21.1.92.jar > neoforge-coremods-21.1.92.jar
[26Mar2025 16:53:19.401] [main/DEBUG] [net.neoforged.fml.loading.FMLServiceProvider/CORE]: Adding [Target[className=net.minecraft.world.level.block.FlowerPotBlock, elementName=, elementDescriptor=, targetType=cpw.mods.modlauncher.api.TargetType@674658f7]] transformer from core-mod net.neoforged.neoforge.coremods.NeoForgeCoreMod@29528a22 in neoforge-21.1.92.jar > neoforge-coremods-21.1.92.jar
[26Mar2025 16:53:19.402] [main/DEBUG] [net.neoforged.fml.loading.FMLServiceProvider/CORE]: Adding [Target[className=net/minecraft/world/entity/EntityType, elementName=, elementDescriptor=, targetType=cpw.mods.modlauncher.api.TargetType@674658f7], Target[className=net/minecraft/world/entity/npc/Villager, elementName=, elementDescriptor=, targetType=cpw.mods.modlauncher.api.TargetType@674658f7], Target[className=net/minecraft/world/level/levelgen/structure/structures/OceanRuinPieces$OceanRuinPiece, elementName=, elementDescriptor=, targetType=cpw.mods.modlauncher.api.TargetType@674658f7], Target[className=net/minecraft/world/entity/monster/Zombie, elementName=, elementDescriptor=, targetType=cpw.mods.modlauncher.api.TargetType@674658f7], Target[className=net/minecraft/world/entity/raid/Raid, elementName=, elementDescriptor=, targetType=cpw.mods.modlauncher.api.TargetType@674658f7], Target[className=net/minecraft/world/entity/monster/Strider, elementName=, elementDescriptor=, targetType=cpw.mods.modlauncher.api.TargetType@674658f7], Target[className=net/minecraft/world/entity/monster/Spider, elementName=, elementDescriptor=, targetType=cpw.mods.modlauncher.api.TargetType@674658f7], Target[className=net/minecraft/world/level/levelgen/structure/templatesystem/StructureTemplate, elementName=, elementDescriptor=, targetType=cpw.mods.modlauncher.api.TargetType@674658f7], Target[className=net/minecraft/world/level/levelgen/structure/structures/OceanMonumentPieces$OceanMonumentPiece, elementName=, elementDescriptor=, targetType=cpw.mods.modlauncher.api.TargetType@674658f7], Target[className=net/minecraft/world/level/levelgen/structure/structures/SwampHutPiece, elementName=, elementDescriptor=, targetType=cpw.mods.modlauncher.api.TargetType@674658f7], Target[className=net/minecraft/world/entity/animal/frog/Tadpole, elementName=, elementDescriptor=, targetType=cpw.mods.modlauncher.api.TargetType@674658f7], Target[className=net/minecraft/world/level/levelgen/PhantomSpawner, elementName=, elementDescriptor=, targetType=cpw.mods.modlauncher.api.TargetType@674658f7], Target[className=net/minecraft/world/entity/ai/village/VillageSiege, elementName=, elementDescriptor=, targetType=cpw.mods.modlauncher.api.TargetType@674658f7], Target[className=net/minecraft/world/level/NaturalSpawner, elementName=, elementDescriptor=, targetType=cpw.mods.modlauncher.api.TargetType@674658f7], Target[className=net/minecraft/world/entity/monster/ZombieVillager, elementName=, elementDescriptor=, targetType=cpw.mods.modlauncher.api.TargetType@674658f7], Target[className=net/minecraft/world/level/levelgen/PatrolSpawner, elementName=, elementDescriptor=, targetType=cpw.mods.modlauncher.api.TargetType@674658f7], Target[className=net/minecraft/world/entity/monster/Evoker$EvokerSummonSpellGoal, elementName=, elementDescriptor=, targetType=cpw.mods.modlauncher.api.TargetType@674658f7], Target[className=net/minecraft/world/level/levelgen/structure/structures/WoodlandMansionPieces$WoodlandMansionPiece, elementName=, elementDescriptor=, targetType=cpw.mods.modlauncher.api.TargetType@674658f7], Target[className=net/minecraft/server/commands/RaidCommand, elementName=, elementDescriptor=, targetType=cpw.mods.modlauncher.api.TargetType@674658f7], Target[className=net/minecraft/world/entity/animal/horse/SkeletonTrapGoal, elementName=, elementDescriptor=, targetType=cpw.mods.modlauncher.api.TargetType@674658f7], Target[className=net/minecraft/world/entity/npc/CatSpawner, elementName=, elementDescriptor=, targetType=cpw.mods.modlauncher.api.TargetType@674658f7], Target[className=net/minecraft/server/commands/SummonCommand, elementName=, elementDescriptor=, targetType=cpw.mods.modlauncher.api.TargetType@674658f7]] transformer from core-mod net.neoforged.neoforge.coremods.NeoForgeCoreMod@29528a22 in neoforge-21.1.92.jar > neoforge-coremods-21.1.92.jar
[26Mar2025 16:53:19.409] [main/DEBUG] [cpw.mods.modlauncher.TransformStore/MODLAUNCHER]: Adding transformer net.neoforged.neoforge.coremods.ReplaceFieldWithGetterAccess@69e49a81 to Target : cpw.mods.modlauncher.api.TargetType@674658f7 {Lnet/minecraft/world/level/biome/Biome;} {} {V}
[26Mar2025 16:53:19.413] [main/DEBUG] [cpw.mods.modlauncher.TransformStore/MODLAUNCHER]: Adding transformer net.neoforged.neoforge.coremods.ReplaceFieldWithGetterAccess@13f9ad9 to Target : cpw.mods.modlauncher.api.TargetType@674658f7 {Lnet/minecraft/world/level/levelgen/structure/Structure;} {} {V}
[26Mar2025 16:53:19.414] [main/DEBUG] [cpw.mods.modlauncher.TransformStore/MODLAUNCHER]: Adding transformer net.neoforged.neoforge.coremods.ReplaceFieldWithGetterAccess@1b7cae6f to Target : cpw.mods.modlauncher.api.TargetType@674658f7 {Lnet/minecraft/world/level/block/FlowerPotBlock;} {} {V}
[26Mar2025 16:53:19.414] [main/DEBUG] [cpw.mods.modlauncher.TransformStore/MODLAUNCHER]: Adding transformer net.neoforged.neoforge.coremods.MethodRedirector@21f8e55f to Target : cpw.mods.modlauncher.api.TargetType@674658f7 {Lnet/minecraft/world/entity/EntityType;} {} {V}
[26Mar2025 16:53:19.414] [main/DEBUG] [cpw.mods.modlauncher.TransformStore/MODLAUNCHER]: Adding transformer net.neoforged.neoforge.coremods.MethodRedirector@21f8e55f to Target : cpw.mods.modlauncher.api.TargetType@674658f7 {Lnet/minecraft/world/entity/npc/Villager;} {} {V}
[26Mar2025 16:53:19.414] [main/DEBUG] [cpw.mods.modlauncher.TransformStore/MODLAUNCHER]: Adding transformer net.neoforged.neoforge.coremods.MethodRedirector@21f8e55f to Target : cpw.mods.modlauncher.api.TargetType@674658f7 {Lnet/minecraft/world/level/levelgen/structure/structures/OceanRuinPieces$OceanRuinPiece;} {} {V}
[26Mar2025 16:53:19.414] [main/DEBUG] [cpw.mods.modlauncher.TransformStore/MODLAUNCHER]: Adding transformer net.neoforged.neoforge.coremods.MethodRedirector@21f8e55f to Target : cpw.mods.modlauncher.api.TargetType@674658f7 {Lnet/minecraft/world/entity/monster/Zombie;} {} {V}
[26Mar2025 16:53:19.414] [main/DEBUG] [cpw.mods.modlauncher.TransformStore/MODLAUNCHER]: Adding transformer net.neoforged.neoforge.coremods.MethodRedirector@21f8e55f to Target : cpw.mods.modlauncher.api.TargetType@674658f7 {Lnet/minecraft/world/entity/raid/Raid;} {} {V}
[26Mar2025 16:53:19.414] [main/DEBUG] [cpw.mods.modlauncher.TransformStore/MODLAUNCHER]: Adding transformer net.neoforged.neoforge.coremods.MethodRedirector@21f8e55f to Target : cpw.mods.modlauncher.api.TargetType@674658f7 {Lnet/minecraft/world/entity/monster/Strider;} {} {V}
[26Mar2025 16:53:19.414] [main/DEBUG] [cpw.mods.modlauncher.TransformStore/MODLAUNCHER]: Adding transformer net.neoforged.neoforge.coremods.MethodRedirector@21f8e55f to Target : cpw.mods.modlauncher.api.TargetType@674658f7 {Lnet/minecraft/world/entity/monster/Spider;} {} {V}
[26Mar2025 16:53:19.414] [main/DEBUG] [cpw.mods.modlauncher.TransformStore/MODLAUNCHER]: Adding transformer net.neoforged.neoforge.coremods.MethodRedirector@21f8e55f to Target : cpw.mods.modlauncher.api.TargetType@674658f7 {Lnet/minecraft/world/level/levelgen/structure/templatesystem/StructureTemplate;} {} {V}
[26Mar2025 16:53:19.414] [main/DEBUG] [cpw.mods.modlauncher.TransformStore/MODLAUNCHER]: Adding transformer net.neoforged.neoforge.coremods.MethodRedirector@21f8e55f to Target : cpw.mods.modlauncher.api.TargetType@674658f7 {Lnet/minecraft/world/level/levelgen/structure/structures/OceanMonumentPieces$OceanMonumentPiece;} {} {V}
[26Mar2025 16:53:19.414] [main/DEBUG] [cpw.mods.modlauncher.TransformStore/MODLAUNCHER]: Adding transformer net.neoforged.neoforge.coremods.MethodRedirector@21f8e55f to Target : cpw.mods.modlauncher.api.TargetType@674658f7 {Lnet/minecraft/world/level/levelgen/structure/structures/SwampHutPiece;} {} {V}
[26Mar2025 16:53:19.415] [main/DEBUG] [cpw.mods.modlauncher.TransformStore/MODLAUNCHER]: Adding transformer net.neoforged.neoforge.coremods.MethodRedirector@21f8e55f to Target : cpw.mods.modlauncher.api.TargetType@674658f7 {Lnet/minecraft/world/entity/animal/frog/Tadpole;} {} {V}
[26Mar2025 16:53:19.415] [main/DEBUG] [cpw.mods.modlauncher.TransformStore/MODLAUNCHER]: Adding transformer net.neoforged.neoforge.coremods.MethodRedirector@21f8e55f to Target : cpw.mods.modlauncher.api.TargetType@674658f7 {Lnet/minecraft/world/level/levelgen/PhantomSpawner;} {} {V}
[26Mar2025 16:53:19.415] [main/DEBUG] [cpw.mods.modlauncher.TransformStore/MODLAUNCHER]: Adding transformer net.neoforged.neoforge.coremods.MethodRedirector@21f8e55f to Target : cpw.mods.modlauncher.api.TargetType@674658f7 {Lnet/minecraft/world/entity/ai/village/VillageSiege;} {} {V}
[26Mar2025 16:53:19.415] [main/DEBUG] [cpw.mods.modlauncher.TransformStore/MODLAUNCHER]: Adding transformer net.neoforged.neoforge.coremods.MethodRedirector@21f8e55f to Target : cpw.mods.modlauncher.api.TargetType@674658f7 {Lnet/minecraft/world/level/NaturalSpawner;} {} {V}
[26Mar2025 16:53:19.416] [main/DEBUG] [cpw.mods.modlauncher.TransformStore/MODLAUNCHER]: Adding transformer net.neoforged.neoforge.coremods.MethodRedirector@21f8e55f to Target : cpw.mods.modlauncher.api.TargetType@674658f7 {Lnet/minecraft/world/entity/monster/ZombieVillager;} {} {V}
[26Mar2025 16:53:19.416] [main/DEBUG] [cpw.mods.modlauncher.TransformStore/MODLAUNCHER]: Adding transformer net.neoforged.neoforge.coremods.MethodRedirector@21f8e55f to Target : cpw.mods.modlauncher.api.TargetType@674658f7 {Lnet/minecraft/world/level/levelgen/PatrolSpawner;} {} {V}
[26Mar2025 16:53:19.416] [main/DEBUG] [cpw.mods.modlauncher.TransformStore/MODLAUNCHER]: Adding transformer net.neoforged.neoforge.coremods.MethodRedirector@21f8e55f to Target : cpw.mods.modlauncher.api.TargetType@674658f7 {Lnet/minecraft/world/entity/monster/Evoker$EvokerSummonSpellGoal;} {} {V}
[26Mar2025 16:53:19.416] [main/DEBUG] [cpw.mods.modlauncher.TransformStore/MODLAUNCHER]: Adding transformer net.neoforged.neoforge.coremods.MethodRedirector@21f8e55f to Target : cpw.mods.modlauncher.api.TargetType@674658f7 {Lnet/minecraft/world/level/levelgen/structure/structures/WoodlandMansionPieces$WoodlandMansionPiece;} {} {V}
[26Mar2025 16:53:19.416] [main/DEBUG] [cpw.mods.modlauncher.TransformStore/MODLAUNCHER]: Adding transformer net.neoforged.neoforge.coremods.MethodRedirector@21f8e55f to Target : cpw.mods.modlauncher.api.TargetType@674658f7 {Lnet/minecraft/server/commands/RaidCommand;} {} {V}
[26Mar2025 16:53:19.416] [main/DEBUG] [cpw.mods.modlauncher.TransformStore/MODLAUNCHER]: Adding transformer net.neoforged.neoforge.coremods.MethodRedirector@21f8e55f to Target : cpw.mods.modlauncher.api.TargetType@674658f7 {Lnet/minecraft/world/entity/animal/horse/SkeletonTrapGoal;} {} {V}
[26Mar2025 16:53:19.416] [main/DEBUG] [cpw.mods.modlauncher.TransformStore/MODLAUNCHER]: Adding transformer net.neoforged.neoforge.coremods.MethodRedirector@21f8e55f to Target : cpw.mods.modlauncher.api.TargetType@674658f7 {Lnet/minecraft/world/entity/npc/CatSpawner;} {} {V}
[26Mar2025 16:53:19.416] [main/DEBUG] [cpw.mods.modlauncher.TransformStore/MODLAUNCHER]: Adding transformer net.neoforged.neoforge.coremods.MethodRedirector@21f8e55f to Target : cpw.mods.modlauncher.api.TargetType@674658f7 {Lnet/minecraft/server/commands/SummonCommand;} {} {V}
[26Mar2025 16:53:19.416] [main/DEBUG] [cpw.mods.modlauncher.TransformationServiceDecorator/MODLAUNCHER]: Initialized transformers for transformation service fml
[26Mar2025 16:53:20.041] [main/DEBUG] [mixin/]: Processing prepare() for PlatformAgent[MixinPlatformAgentDefault:ModLauncher Root Container(ModLauncher:4f56a0a2)]
[26Mar2025 16:53:20.041] [main/DEBUG] [mixin/]: Processing prepare() for PlatformAgent[MixinPlatformAgentDefault:net.neoforged.fml.loading.mixin.FMLMixinContainerHandle@56d93692]
[26Mar2025 16:53:20.041] [main/DEBUG] [mixin/]: Processing prepare() for PlatformAgent[FMLMixinPlatformAgent:null]
[26Mar2025 16:53:20.084] [main/DEBUG] [mixin/]: Processing launch tasks for PlatformAgent[MixinPlatformAgentDefault:ModLauncher Root Container(ModLauncher:4f56a0a2)]
[26Mar2025 16:53:20.084] [main/DEBUG] [mixin/]: Adding mixin platform agents for container SecureJarResource(mixin_synthetic)
[26Mar2025 16:53:20.084] [main/DEBUG] [mixin/]: Instancing new MixinPlatformAgentMinecraftForge for SecureJarResource(mixin_synthetic)
[26Mar2025 16:53:20.085] [main/DEBUG] [mixin/]: MixinPlatformAgentMinecraftForge rejected container SecureJarResource(mixin_synthetic)
[26Mar2025 16:53:20.085] [main/DEBUG] [mixin/]: Instancing new MixinPlatformAgentDefault for SecureJarResource(mixin_synthetic)
[26Mar2025 16:53:20.085] [main/DEBUG] [mixin/]: MixinPlatformAgentDefault accepted container SecureJarResource(mixin_synthetic)
[26Mar2025 16:53:20.085] [main/DEBUG] [mixin/]: Instancing new FMLMixinPlatformAgent for SecureJarResource(mixin_synthetic)
[26Mar2025 16:53:20.086] [main/DEBUG] [mixin/]: FMLMixinPlatformAgent rejected container SecureJarResource(mixin_synthetic)
[26Mar2025 16:53:20.086] [main/DEBUG] [mixin/]: Processing prepare() for PlatformAgent[MixinPlatformAgentDefault:SecureJarResource(mixin_synthetic)]
[26Mar2025 16:53:20.086] [main/DEBUG] [mixin/]: Adding mixin platform agents for container SecureJarResource(minecraft)
[26Mar2025 16:53:20.086] [main/DEBUG] [mixin/]: Instancing new MixinPlatformAgentMinecraftForge for SecureJarResource(minecraft)
[26Mar2025 16:53:20.086] [main/DEBUG] [mixin/]: MixinPlatformAgentMinecraftForge rejected container SecureJarResource(minecraft)
[26Mar2025 16:53:20.086] [main/DEBUG] [mixin/]: Instancing new MixinPlatformAgentDefault for SecureJarResource(minecraft)
[26Mar2025 16:53:20.086] [main/DEBUG] [mixin/]: MixinPlatformAgentDefault accepted container SecureJarResource(minecraft)
[26Mar2025 16:53:20.087] [main/DEBUG] [mixin/]: Instancing new FMLMixinPlatformAgent for SecureJarResource(minecraft)
[26Mar2025 16:53:20.087] [main/DEBUG] [mixin/]: FMLMixinPlatformAgent rejected container SecureJarResource(minecraft)
[26Mar2025 16:53:20.087] [main/DEBUG] [mixin/]: Processing prepare() for PlatformAgent[MixinPlatformAgentDefault:SecureJarResource(minecraft)]
[26Mar2025 16:53:20.087] [main/DEBUG] [mixin/]: Adding mixin platform agents for container SecureJarResource(arcanum_of_wisdom)
[26Mar2025 16:53:20.087] [main/DEBUG] [mixin/]: Instancing new MixinPlatformAgentMinecraftForge for SecureJarResource(arcanum_of_wisdom)
[26Mar2025 16:53:20.087] [main/DEBUG] [mixin/]: MixinPlatformAgentMinecraftForge rejected container SecureJarResource(arcanum_of_wisdom)
[26Mar2025 16:53:20.087] [main/DEBUG] [mixin/]: Instancing new MixinPlatformAgentDefault for SecureJarResource(arcanum_of_wisdom)
[26Mar2025 16:53:20.088] [main/DEBUG] [mixin/]: MixinPlatformAgentDefault accepted container SecureJarResource(arcanum_of_wisdom)
[26Mar2025 16:53:20.088] [main/DEBUG] [mixin/]: Instancing new FMLMixinPlatformAgent for SecureJarResource(arcanum_of_wisdom)
[26Mar2025 16:53:20.088] [main/DEBUG] [mixin/]: FMLMixinPlatformAgent rejected container SecureJarResource(arcanum_of_wisdom)
[26Mar2025 16:53:20.088] [main/DEBUG] [mixin/]: Processing prepare() for PlatformAgent[MixinPlatformAgentDefault:SecureJarResource(arcanum_of_wisdom)]
[26Mar2025 16:53:20.088] [main/DEBUG] [mixin/]: Adding mixin platform agents for container SecureJarResource(arcanum_of_dimensions)
[26Mar2025 16:53:20.088] [main/DEBUG] [mixin/]: Instancing new MixinPlatformAgentMinecraftForge for SecureJarResource(arcanum_of_dimensions)
[26Mar2025 16:53:20.088] [main/DEBUG] [mixin/]: MixinPlatformAgentMinecraftForge rejected container SecureJarResource(arcanum_of_dimensions)
[26Mar2025 16:53:20.089] [main/DEBUG] [mixin/]: Instancing new MixinPlatformAgentDefault for SecureJarResource(arcanum_of_dimensions)
[26Mar2025 16:53:20.089] [main/DEBUG] [mixin/]: MixinPlatformAgentDefault accepted container SecureJarResource(arcanum_of_dimensions)
[26Mar2025 16:53:20.089] [main/DEBUG] [mixin/]: Instancing new FMLMixinPlatformAgent for SecureJarResource(arcanum_of_dimensions)
[26Mar2025 16:53:20.089] [main/DEBUG] [mixin/]: FMLMixinPlatformAgent rejected container SecureJarResource(arcanum_of_dimensions)
[26Mar2025 16:53:20.090] [main/DEBUG] [mixin/]: Processing prepare() for PlatformAgent[MixinPlatformAgentDefault:SecureJarResource(arcanum_of_dimensions)]
[26Mar2025 16:53:20.090] [main/DEBUG] [mixin/]: Adding mixin platform agents for container SecureJarResource(mixinextras.neoforge)
[26Mar2025 16:53:20.090] [main/DEBUG] [mixin/]: Instancing new MixinPlatformAgentMinecraftForge for SecureJarResource(mixinextras.neoforge)
[26Mar2025 16:53:20.090] [main/DEBUG] [mixin/]: MixinPlatformAgentMinecraftForge rejected container SecureJarResource(mixinextras.neoforge)
[26Mar2025 16:53:20.090] [main/DEBUG] [mixin/]: Instancing new MixinPlatformAgentDefault for SecureJarResource(mixinextras.neoforge)
[26Mar2025 16:53:20.090] [main/DEBUG] [mixin/]: MixinPlatformAgentDefault accepted container SecureJarResource(mixinextras.neoforge)
[26Mar2025 16:53:20.090] [main/DEBUG] [mixin/]: Instancing new FMLMixinPlatformAgent for SecureJarResource(mixinextras.neoforge)
[26Mar2025 16:53:20.090] [main/DEBUG] [mixin/]: FMLMixinPlatformAgent rejected container SecureJarResource(mixinextras.neoforge)
[26Mar2025 16:53:20.091] [main/DEBUG] [mixin/]: Processing prepare() for PlatformAgent[MixinPlatformAgentDefault:SecureJarResource(mixinextras.neoforge)]
[26Mar2025 16:53:20.091] [main/DEBUG] [mixin/]: Registering mixin config: mixinextras.init.mixins.json source=SecureJarResource(mixinextras.neoforge)
[26Mar2025 16:53:20.091] [main/DEBUG] [mixin/]: inject() running with 7 agents
[26Mar2025 16:53:20.093] [main/DEBUG] [mixin/]: Processing inject() for PlatformAgent[MixinPlatformAgentDefault:ModLauncher Root Container(ModLauncher:4f56a0a2)]
[26Mar2025 16:53:20.093] [main/DEBUG] [mixin/]: Processing inject() for PlatformAgent[MixinPlatformAgentDefault:net.neoforged.fml.loading.mixin.FMLMixinContainerHandle@56d93692]
[26Mar2025 16:53:20.093] [main/DEBUG] [mixin/]: Processing inject() for PlatformAgent[FMLMixinPlatformAgent:null]
[26Mar2025 16:53:20.093] [main/DEBUG] [mixin/]: Processing inject() for PlatformAgent[MixinPlatformAgentDefault:SecureJarResource(mixin_synthetic)]
[26Mar2025 16:53:20.093] [main/DEBUG] [mixin/]: Processing inject() for PlatformAgent[MixinPlatformAgentDefault:SecureJarResource(minecraft)]
[26Mar2025 16:53:20.093] [main/DEBUG] [mixin/]: Processing inject() for PlatformAgent[MixinPlatformAgentDefault:SecureJarResource(arcanum_of_wisdom)]
[26Mar2025 16:53:20.093] [main/DEBUG] [mixin/]: Processing inject() for PlatformAgent[MixinPlatformAgentDefault:SecureJarResource(arcanum_of_dimensions)]
[26Mar2025 16:53:20.093] [main/DEBUG] [mixin/]: Processing inject() for PlatformAgent[MixinPlatformAgentDefault:SecureJarResource(mixinextras.neoforge)]
[26Mar2025 16:53:20.094] [main/INFO] [cpw.mods.modlauncher.LaunchServiceHandler/MODLAUNCHER]: Launching target 'forgeclientuserdev' with arguments [--version, 21.1.92, --gameDir, ., --assetsDir, C:\Users\benlo\.mcreator\gradle\caches\neoformruntime\assets, --assetIndex, 17]
[26Mar2025 16:53:20.139] [main/DEBUG] [mixin/]: Preparing mixins for MixinEnvironment[DEFAULT]
[26Mar2025 16:53:20.139] [main/DEBUG] [mixin/]: Selecting config neoforge.mixins.json
[26Mar2025 16:53:20.143] [main/DEBUG] [mixin/]: Selecting config mixinextras.init.mixins.json
[26Mar2025 16:53:20.175] [main/DEBUG] [MixinExtras|Service/]: com.llamalad7.mixinextras.service.MixinExtrasServiceImpl(version=0.4.1) is taking over from null
[26Mar2025 16:53:20.211] [main/DEBUG] [mixin/]: Registering new injector for @Inject with org.spongepowered.asm.mixin.injection.struct.CallbackInjectionInfo
[26Mar2025 16:53:20.212] [main/DEBUG] [mixin/]: Registering new injector for @ModifyArg with org.spongepowered.asm.mixin.injection.struct.ModifyArgInjectionInfo
[26Mar2025 16:53:20.215] [main/DEBUG] [mixin/]: Registering new injector for @ModifyArgs with org.spongepowered.asm.mixin.injection.struct.ModifyArgsInjectionInfo
[26Mar2025 16:53:20.216] [main/DEBUG] [mixin/]: Registering new injector for @Redirect with org.spongepowered.asm.mixin.injection.struct.RedirectInjectionInfo
[26Mar2025 16:53:20.218] [main/DEBUG] [mixin/]: Registering new injector for @ModifyVariable with org.spongepowered.asm.mixin.injection.struct.ModifyVariableInjectionInfo
[26Mar2025 16:53:20.220] [main/DEBUG] [mixin/]: Registering new injector for @ModifyConstant with org.spongepowered.asm.mixin.injection.struct.ModifyConstantInjectionInfo
[26Mar2025 16:53:20.233] [main/DEBUG] [mixin/]: Preparing neoforge.mixins.json (2)
[26Mar2025 16:53:20.275] [main/DEBUG] [mixin/]: Preparing mixinextras.init.mixins.json (0)
[26Mar2025 16:53:20.497] [main/DEBUG] [io.netty.util.internal.logging.InternalLoggerFactory/]: Using SLF4J as the default logging framework
[26Mar2025 16:53:20.504] [main/DEBUG] [io.netty.util.ResourceLeakDetector/]: -Dio.netty.leakDetection.level: simple
[26Mar2025 16:53:20.504] [main/DEBUG] [io.netty.util.ResourceLeakDetector/]: -Dio.netty.leakDetection.targetRecords: 4
[26Mar2025 16:53:21.486] [main/DEBUG] [oshi.util.FileUtil/]: No oshi.properties file found from ClassLoader cpw.mods.modlauncher.TransformingClassLoader@7f572c37
[26Mar2025 16:53:21.958] [Datafixer Bootstrap/INFO] [com.mojang.datafixers.DataFixerBuilder/]: 229 Datafixer optimizations took 511 milliseconds
[26Mar2025 16:53:22.041] [main/DEBUG] [oshi.util.FileUtil/]: No oshi.architecture.properties file found from ClassLoader cpw.mods.modlauncher.TransformingClassLoader@7f572c37
[26Mar2025 16:53:22.161] [pool-8-thread-1/INFO] [MixinExtras|Service/]: Initializing MixinExtras via com.llamalad7.mixinextras.service.MixinExtrasServiceImpl(version=0.4.1).
[26Mar2025 16:53:22.161] [pool-8-thread-1/DEBUG] [mixin/]: Registering new injector for @SugarWrapper with com.llamalad7.mixinextras.sugar.impl.SugarWrapperInjectionInfo
[26Mar2025 16:53:22.162] [pool-8-thread-1/DEBUG] [mixin/]: Registering new injector for @FactoryRedirectWrapper with com.llamalad7.mixinextras.wrapper.factory.FactoryRedirectWrapperInjectionInfo
[26Mar2025 16:53:22.167] [pool-8-thread-1/DEBUG] [mixin/]: Mixing MappedRegistryAccessor from neoforge.mixins.json into net.minecraft.core.MappedRegistry
[26Mar2025 16:53:22.171] [pool-8-thread-1/DEBUG] [mixin/]: neoforge.mixins.json:MappedRegistryAccessor from mod neoforge: Class version 65 required is higher than the class version supported by the current version of Mixin (JAVA_16 supports class version 60)
[26Mar2025 16:53:23.354] [pool-8-thread-1/DEBUG] [mixin/]: Mixing BlockEntityTypeAccessor from neoforge.mixins.json into net.minecraft.world.level.block.entity.BlockEntityType
[26Mar2025 16:53:23.355] [pool-8-thread-1/DEBUG] [mixin/]: neoforge.mixins.json:BlockEntityTypeAccessor from mod neoforge: Class version 65 required is higher than the class version supported by the current version of Mixin (JAVA_16 supports class version 60)
[26Mar2025 16:53:24.704] [pool-8-thread-1/DEBUG] [io.netty.util.internal.PlatformDependent0/]: -Dio.netty.noUnsafe: false
[26Mar2025 16:53:24.704] [pool-8-thread-1/DEBUG] [io.netty.util.internal.PlatformDependent0/]: Java version: 21
[26Mar2025 16:53:24.705] [pool-8-thread-1/DEBUG] [io.netty.util.internal.PlatformDependent0/]: sun.misc.Unsafe.theUnsafe: available
[26Mar2025 16:53:24.707] [pool-8-thread-1/DEBUG] [io.netty.util.internal.PlatformDependent0/]: sun.misc.Unsafe.copyMemory: available
[26Mar2025 16:53:24.707] [pool-8-thread-1/DEBUG] [io.netty.util.internal.PlatformDependent0/]: sun.misc.Unsafe.storeFence: available
[26Mar2025 16:53:24.708] [pool-8-thread-1/DEBUG] [io.netty.util.internal.PlatformDependent0/]: java.nio.Buffer.address: available
[26Mar2025 16:53:24.708] [pool-8-thread-1/DEBUG] [io.netty.util.internal.PlatformDependent0/]: direct buffer constructor: unavailable: Reflective setAccessible(true) disabled
[26Mar2025 16:53:24.709] [pool-8-thread-1/DEBUG] [io.netty.util.internal.PlatformDependent0/]: java.nio.Bits.unaligned: available, true
[26Mar2025 16:53:24.711] [pool-8-thread-1/DEBUG] [io.netty.util.internal.PlatformDependent0/]: jdk.internal.misc.Unsafe.allocateUninitializedArray(int): unavailable: class io.netty.util.internal.PlatformDependent0$7 (in module io.netty.common) cannot access class jdk.internal.misc.Unsafe (in module java.base) because module java.base does not export jdk.internal.misc to module io.netty.common
[26Mar2025 16:53:24.712] [pool-8-thread-1/DEBUG] [io.netty.util.internal.PlatformDependent0/]: java.nio.DirectByteBuffer.<init>(long, {int,long}): unavailable
[26Mar2025 16:53:24.712] [pool-8-thread-1/DEBUG] [io.netty.util.internal.PlatformDependent/]: sun.misc.Unsafe: available
[26Mar2025 16:53:24.713] [pool-8-thread-1/DEBUG] [io.netty.util.internal.PlatformDependent/]: maxDirectMemory: 4261412864 bytes (maybe)
[26Mar2025 16:53:24.713] [pool-8-thread-1/DEBUG] [io.netty.util.internal.PlatformDependent/]: -Dio.netty.tmpdir: C:\Users\benlo\AppData\Local\Temp (java.io.tmpdir)
[26Mar2025 16:53:24.713] [pool-8-thread-1/DEBUG] [io.netty.util.internal.PlatformDependent/]: -Dio.netty.bitMode: 64 (sun.arch.data.model)
[26Mar2025 16:53:24.714] [pool-8-thread-1/DEBUG] [io.netty.util.internal.PlatformDependent/]: Platform: Windows
[26Mar2025 16:53:24.714] [pool-8-thread-1/DEBUG] [io.netty.util.internal.PlatformDependent/]: -Dio.netty.maxDirectMemory: -1 bytes
[26Mar2025 16:53:24.714] [pool-8-thread-1/DEBUG] [io.netty.util.internal.PlatformDependent/]: -Dio.netty.uninitializedArrayAllocationThreshold: -1
[26Mar2025 16:53:24.717] [pool-8-thread-1/DEBUG] [io.netty.util.internal.CleanerJava9/]: java.nio.ByteBuffer.cleaner(): available
[26Mar2025 16:53:24.717] [pool-8-thread-1/DEBUG] [io.netty.util.internal.PlatformDependent/]: -Dio.netty.noPreferDirect: false
[26Mar2025 16:53:28.134] [main/WARN] [net.minecraft.commands.Commands/]: Ambiguity between arguments [teleport, location] and [teleport, destination] with inputs: [0.1 -0.5 .9, 0 0 0]
[26Mar2025 16:53:28.136] [main/WARN] [net.minecraft.commands.Commands/]: Ambiguity between arguments [teleport, location] and [teleport, targets] with inputs: [0.1 -0.5 .9, 0 0 0]
[26Mar2025 16:53:28.137] [main/WARN] [net.minecraft.commands.Commands/]: Ambiguity between arguments [teleport, destination] and [teleport, targets] with inputs: [Player, 0123, @e, dd12be42-52a9-4a91-a8a1-11c01849e498]
[26Mar2025 16:53:28.140] [main/WARN] [net.minecraft.commands.Commands/]: Ambiguity between arguments [teleport, targets] and [teleport, destination] with inputs: [Player, 0123, dd12be42-52a9-4a91-a8a1-11c01849e498]
[26Mar2025 16:53:28.141] [main/WARN] [net.minecraft.commands.Commands/]: Ambiguity between arguments [teleport, targets, location] and [teleport, targets, destination] with inputs: [0.1 -0.5 .9, 0 0 0]
[26Mar2025 16:53:28.297] [Render thread/WARN] [net.minecraft.server.packs.VanillaPackResourcesBuilder/]: Assets URL 'union:/G:/MODS/AoW/AoW/build/moddev/artifacts/neoforge-21.1.92.jar%23184!/assets/.mcassetsroot' uses unexpected schema
[26Mar2025 16:53:28.297] [Render thread/WARN] [net.minecraft.server.packs.VanillaPackResourcesBuilder/]: Assets URL 'union:/G:/MODS/AoW/AoW/build/moddev/artifacts/neoforge-21.1.92.jar%23184!/data/.mcassetsroot' uses unexpected schema
[26Mar2025 16:53:28.339] [Render thread/INFO] [com.mojang.authlib.yggdrasil.YggdrasilAuthenticationService/]: Environment: Environment[sessionHost=https://sessionserver.mojang.com, servicesHost=https://api.minecraftservices.com, name=PROD]
[26Mar2025 16:53:28.351] [Render thread/INFO] [net.minecraft.client.Minecraft/]: Setting user: Dev
[26Mar2025 16:53:28.538] [Render thread/INFO] [net.minecraft.client.Minecraft/]: Backend library: LWJGL version 3.3.3+5
[26Mar2025 16:53:28.739] [Render thread/DEBUG] [net.neoforged.fml.ModWorkManager/LOADING]: Using 12 threads for parallel mod-loading
[26Mar2025 16:53:28.768] [Render thread/DEBUG] [net.neoforged.fml.javafmlmod.FMLModContainer/LOADING]: Creating FMLModContainer instance for [net.neoforged.neoforge.common.NeoForgeMod, net.neoforged.neoforge.client.ClientNeoForgeMod]
[26Mar2025 16:53:28.774] [Render thread/DEBUG] [net.neoforged.fml.javafmlmod.FMLModContainer/LOADING]: Creating FMLModContainer instance for [net.bcm.arcanumofwisdom.ArcanumOfWisdomMod]
[26Mar2025 16:53:28.776] [Render thread/DEBUG] [net.neoforged.fml.javafmlmod.FMLModContainer/LOADING]: Creating FMLModContainer instance for [net.bcm.arcanumofdimensions.ArcanumOfDimensionsMod]
[26Mar2025 16:53:28.810] [modloading-worker-0/DEBUG] [net.neoforged.neoforge.internal.versions.neoforge.NeoForgeVersion/CORE]: Found NeoForge version 21.1.92
[26Mar2025 16:53:28.810] [modloading-worker-0/DEBUG] [net.neoforged.neoforge.internal.versions.neoforge.NeoForgeVersion/CORE]: Found FML version 4.0.34
[26Mar2025 16:53:28.810] [modloading-worker-0/INFO] [net.neoforged.neoforge.common.NeoForgeMod/NEOFORGE-MOD]: NeoForge mod loading, version 21.1.92, for MC 1.21.1
[26Mar2025 16:53:28.881] [modloading-worker-0/DEBUG] [net.neoforged.fml.config.ConfigTracker/CONFIG]: Config file neoforge-client.toml for neoforge tracking
[26Mar2025 16:53:28.881] [modloading-worker-0/DEBUG] [net.neoforged.fml.config.ConfigTracker/CONFIG]: Config file neoforge-server.toml for neoforge tracking
[26Mar2025 16:53:28.881] [modloading-worker-0/DEBUG] [net.neoforged.fml.config.ConfigTracker/CONFIG]: Config file neoforge-common.toml for neoforge tracking
[26Mar2025 16:53:28.976] [modloading-worker-0/DEBUG] [net.neoforged.fml.javafmlmod.AutomaticEventSubscriber/LOADING]: Attempting to inject @EventBusSubscriber classes into the eventbus for neoforge
[26Mar2025 16:53:28.980] [modloading-worker-0/DEBUG] [net.neoforged.fml.javafmlmod.AutomaticEventSubscriber/LOADING]: Auto-subscribing net.neoforged.neoforge.server.command.ConfigCommand to GAME
[26Mar2025 16:53:28.981] [modloading-worker-0/DEBUG] [net.neoforged.fml.javafmlmod.AutomaticEventSubscriber/LOADING]: Auto-subscribing net.neoforged.neoforge.network.filters.GenericPacketSplitter to MOD
[26Mar2025 16:53:29.012] [modloading-worker-0/DEBUG] [io.netty.buffer.AbstractByteBuf/]: -Dio.netty.buffer.checkAccessible: true
[26Mar2025 16:53:29.012] [modloading-worker-0/DEBUG] [io.netty.buffer.AbstractByteBuf/]: -Dio.netty.buffer.checkBounds: true
[26Mar2025 16:53:29.013] [modloading-worker-0/DEBUG] [io.netty.util.ResourceLeakDetectorFactory/]: Loaded default ResourceLeakDetector: io.netty.util.ResourceLeakDetector@44f111b7
[26Mar2025 16:53:29.025] [modloading-worker-0/DEBUG] [io.netty.util.internal.InternalThreadLocalMap/]: -Dio.netty.threadLocalMap.stringBuilder.initialSize: 1024
[26Mar2025 16:53:29.025] [modloading-worker-0/DEBUG] [io.netty.util.internal.InternalThreadLocalMap/]: -Dio.netty.threadLocalMap.stringBuilder.maxSize: 4096
[26Mar2025 16:53:29.029] [modloading-worker-0/DEBUG] [io.netty.buffer.PooledByteBufAllocator/]: -Dio.netty.allocator.numHeapArenas: 24
[26Mar2025 16:53:29.029] [modloading-worker-0/DEBUG] [io.netty.buffer.PooledByteBufAllocator/]: -Dio.netty.allocator.numDirectArenas: 24
[26Mar2025 16:53:29.029] [modloading-worker-0/DEBUG] [io.netty.buffer.PooledByteBufAllocator/]: -Dio.netty.allocator.pageSize: 8192
[26Mar2025 16:53:29.029] [modloading-worker-0/DEBUG] [io.netty.buffer.PooledByteBufAllocator/]: -Dio.netty.allocator.maxOrder: 9
[26Mar2025 16:53:29.030] [modloading-worker-0/DEBUG] [io.netty.buffer.PooledByteBufAllocator/]: -Dio.netty.allocator.chunkSize: 4194304
[26Mar2025 16:53:29.030] [modloading-worker-0/DEBUG] [io.netty.buffer.PooledByteBufAllocator/]: -Dio.netty.allocator.smallCacheSize: 256
[26Mar2025 16:53:29.030] [modloading-worker-0/DEBUG] [io.netty.buffer.PooledByteBufAllocator/]: -Dio.netty.allocator.normalCacheSize: 64
[26Mar2025 16:53:29.030] [modloading-worker-0/DEBUG] [io.netty.buffer.PooledByteBufAllocator/]: -Dio.netty.allocator.maxCachedBufferCapacity: 32768
[26Mar2025 16:53:29.030] [modloading-worker-0/DEBUG] [io.netty.buffer.PooledByteBufAllocator/]: -Dio.netty.allocator.cacheTrimInterval: 8192
[26Mar2025 16:53:29.030] [modloading-worker-0/DEBUG] [io.netty.buffer.PooledByteBufAllocator/]: -Dio.netty.allocator.cacheTrimIntervalMillis: 0
[26Mar2025 16:53:29.030] [modloading-worker-0/DEBUG] [io.netty.buffer.PooledByteBufAllocator/]: -Dio.netty.allocator.useCacheForAllThreads: false
[26Mar2025 16:53:29.030] [modloading-worker-0/DEBUG] [io.netty.buffer.PooledByteBufAllocator/]: -Dio.netty.allocator.maxCachedByteBuffersPerChunk: 1023
[26Mar2025 16:53:29.041] [modloading-worker-0/DEBUG] [io.netty.buffer.ByteBufUtil/]: -Dio.netty.allocator.type: pooled
[26Mar2025 16:53:29.041] [modloading-worker-0/DEBUG] [io.netty.buffer.ByteBufUtil/]: -Dio.netty.threadLocalDirectBufferSize: 0
[26Mar2025 16:53:29.041] [modloading-worker-0/DEBUG] [io.netty.buffer.ByteBufUtil/]: -Dio.netty.maxThreadLocalCharBufferSize: 16384
[26Mar2025 16:53:29.053] [modloading-worker-0/DEBUG] [net.neoforged.fml.javafmlmod.AutomaticEventSubscriber/LOADING]: Auto-subscribing net.neoforged.neoforge.network.NetworkInitialization to MOD
[26Mar2025 16:53:29.054] [modloading-worker-0/DEBUG] [net.neoforged.fml.javafmlmod.AutomaticEventSubscriber/LOADING]: Auto-subscribing net.neoforged.neoforge.network.ConfigurationInitialization to MOD
[26Mar2025 16:53:29.057] [modloading-worker-0/DEBUG] [net.neoforged.fml.javafmlmod.AutomaticEventSubscriber/LOADING]: Auto-subscribing net.neoforged.neoforge.common.MonsterRoomHooks to GAME
[26Mar2025 16:53:29.058] [modloading-worker-0/DEBUG] [net.neoforged.fml.javafmlmod.AutomaticEventSubscriber/LOADING]: Auto-subscribing net.neoforged.neoforge.common.DeferredSpawnEggItem$CommonHandler to MOD
[26Mar2025 16:53:29.059] [modloading-worker-0/DEBUG] [net.neoforged.fml.javafmlmod.AutomaticEventSubscriber/LOADING]: Auto-subscribing net.neoforged.neoforge.common.DeferredSpawnEggItem$ColorRegisterHandler to MOD
[26Mar2025 16:53:29.060] [modloading-worker-0/DEBUG] [net.neoforged.fml.javafmlmod.AutomaticEventSubscriber/LOADING]: Auto-subscribing net.neoforged.neoforge.client.model.data.ModelDataManager to GAME
[26Mar2025 16:53:29.063] [modloading-worker-0/DEBUG] [net.neoforged.fml.javafmlmod.AutomaticEventSubscriber/LOADING]: Auto-subscribing net.neoforged.neoforge.client.ParticleBoundsDebugRenderer to GAME
[26Mar2025 16:53:29.067] [modloading-worker-0/DEBUG] [net.neoforged.fml.javafmlmod.AutomaticEventSubscriber/LOADING]: Auto-subscribing net.neoforged.neoforge.client.ClientHooks$ClientEvents to MOD
[26Mar2025 16:53:29.069] [modloading-worker-0/DEBUG] [net.neoforged.fml.javafmlmod.AutomaticEventSubscriber/LOADING]: Auto-subscribing net.neoforged.neoforge.client.BlockEntityRenderBoundsDebugRenderer to GAME
[26Mar2025 16:53:29.069] [modloading-worker-0/DEBUG] [net.neoforged.fml.javafmlmod.AutomaticEventSubscriber/LOADING]: Auto-subscribing net.neoforged.neoforge.attachment.AttachmentInternals to GAME
[26Mar2025 16:53:29.080] [modloading-worker-0/DEBUG] [net.neoforged.fml.javafmlmod.AutomaticEventSubscriber/LOADING]: Attempting to inject @EventBusSubscriber classes into the eventbus for arcanum_of_dimensions
[26Mar2025 16:53:29.080] [modloading-worker-0/DEBUG] [net.neoforged.fml.javafmlmod.AutomaticEventSubscriber/LOADING]: Auto-subscribing net.bcm.arcanumofdimensions.world.teleporter.WarriorPlainsTeleporter to MOD
[26Mar2025 16:53:29.082] [modloading-worker-0/DEBUG] [net.neoforged.fml.javafmlmod.AutomaticEventSubscriber/LOADING]: Auto-subscribing net.bcm.arcanumofdimensions.world.dimension.WarriorPlainsDimension$WarriorPlainsSpecialEffectsHandler to MOD
[26Mar2025 16:53:29.155] [modloading-worker-0/DEBUG] [net.neoforged.fml.javafmlmod.AutomaticEventSubscriber/LOADING]: Attempting to inject @EventBusSubscriber classes into the eventbus for arcanum_of_wisdom
[26Mar2025 16:53:29.155] [modloading-worker-0/DEBUG] [net.neoforged.fml.javafmlmod.AutomaticEventSubscriber/LOADING]: Auto-subscribing net.bcm.arcanumofwisdom.client.screens.StartupInfoMessageTeaserOverlay to GAME
[26Mar2025 16:53:29.157] [modloading-worker-0/DEBUG] [net.neoforged.fml.javafmlmod.AutomaticEventSubscriber/LOADING]: Auto-subscribing net.bcm.arcanumofwisdom.client.screens.WisdomOverlayIngameMenuOverlay to GAME
[26Mar2025 16:53:29.157] [modloading-worker-0/DEBUG] [net.neoforged.fml.javafmlmod.AutomaticEventSubscriber/LOADING]: Auto-subscribing net.bcm.arcanumofwisdom.client.screens.WisdomOverlayOverlay to GAME
[26Mar2025 16:53:29.159] [modloading-worker-0/DEBUG] [net.neoforged.fml.javafmlmod.AutomaticEventSubscriber/LOADING]: Auto-subscribing net.bcm.arcanumofwisdom.command.AowLoadSecModsCommand to GAME
[26Mar2025 16:53:29.160] [modloading-worker-0/DEBUG] [net.neoforged.fml.javafmlmod.AutomaticEventSubscriber/LOADING]: Auto-subscribing net.bcm.arcanumofwisdom.command.AowScaleCommand to GAME
[26Mar2025 16:53:29.160] [modloading-worker-0/DEBUG] [net.neoforged.fml.javafmlmod.AutomaticEventSubscriber/LOADING]: Auto-subscribing net.bcm.arcanumofwisdom.command.AowsmdisableCommand to GAME
[26Mar2025 16:53:29.162] [modloading-worker-0/DEBUG] [net.neoforged.fml.javafmlmod.AutomaticEventSubscriber/LOADING]: Auto-subscribing net.bcm.arcanumofwisdom.command.AowsmenableCommand to GAME
[26Mar2025 16:53:29.163] [modloading-worker-0/DEBUG] [net.neoforged.fml.javafmlmod.AutomaticEventSubscriber/LOADING]: Auto-subscribing net.bcm.arcanumofwisdom.command.DiscoverPotionsCommand to GAME
[26Mar2025 16:53:29.164] [modloading-worker-0/DEBUG] [net.neoforged.fml.javafmlmod.AutomaticEventSubscriber/LOADING]: Auto-subscribing net.bcm.arcanumofwisdom.command.WisdomCMDCommand to GAME
[26Mar2025 16:53:29.164] [modloading-worker-0/DEBUG] [net.neoforged.fml.javafmlmod.AutomaticEventSubscriber/LOADING]: Auto-subscribing net.bcm.arcanumofwisdom.init.ArcanumOfWisdomModBiomes to GAME
[26Mar2025 16:53:29.166] [modloading-worker-0/DEBUG] [net.neoforged.fml.javafmlmod.AutomaticEventSubscriber/LOADING]: Auto-subscribing net.bcm.arcanumofwisdom.init.ArcanumOfWisdomModBlockEntities to MOD
[26Mar2025 16:53:29.166] [modloading-worker-0/DEBUG] [net.neoforged.fml.javafmlmod.AutomaticEventSubscriber/LOADING]: Auto-subscribing net.bcm.arcanumofwisdom.init.ArcanumOfWisdomModGameRules to MOD
[26Mar2025 16:53:29.167] [modloading-worker-0/DEBUG] [net.neoforged.fml.javafmlmod.AutomaticEventSubscriber/LOADING]: Auto-subscribing net.bcm.arcanumofwisdom.init.ArcanumOfWisdomModKeyMappings$KeyEventListener to GAME
[26Mar2025 16:53:29.168] [modloading-worker-0/DEBUG] [net.neoforged.fml.javafmlmod.AutomaticEventSubscriber/LOADING]: Auto-subscribing net.bcm.arcanumofwisdom.init.ArcanumOfWisdomModKeyMappings to MOD
[26Mar2025 16:53:29.171] [modloading-worker-0/DEBUG] [net.neoforged.fml.javafmlmod.AutomaticEventSubscriber/LOADING]: Auto-subscribing net.bcm.arcanumofwisdom.init.ArcanumOfWisdomModMobEffects to GAME
[26Mar2025 16:53:29.173] [modloading-worker-0/DEBUG] [net.neoforged.fml.javafmlmod.AutomaticEventSubscriber/LOADING]: Auto-subscribing net.bcm.arcanumofwisdom.init.ArcanumOfWisdomModModels to MOD
[26Mar2025 16:53:29.175] [modloading-worker-0/DEBUG] [net.neoforged.fml.javafmlmod.AutomaticEventSubscriber/LOADING]: Auto-subscribing net.bcm.arcanumofwisdom.init.ArcanumOfWisdomModParticles to MOD
[26Mar2025 16:53:29.193] [modloading-worker-0/DEBUG] [net.neoforged.fml.javafmlmod.AutomaticEventSubscriber/LOADING]: Auto-subscribing net.bcm.arcanumofwisdom.init.ArcanumOfWisdomModTrades to GAME
[26Mar2025 16:53:29.193] [modloading-worker-0/DEBUG] [net.neoforged.fml.javafmlmod.AutomaticEventSubscriber/LOADING]: Auto-subscribing net.bcm.arcanumofwisdom.init.ArcanumOfWisdomModItems to MOD
[26Mar2025 16:53:29.195] [modloading-worker-0/DEBUG] [net.neoforged.fml.javafmlmod.AutomaticEventSubscriber/LOADING]: Auto-subscribing net.bcm.arcanumofwisdom.init.ArcanumOfWisdomModBlocks$BlocksClientSideHandler to MOD
[26Mar2025 16:53:29.197] [modloading-worker-0/DEBUG] [net.neoforged.fml.javafmlmod.AutomaticEventSubscriber/LOADING]: Auto-subscribing net.bcm.arcanumofwisdom.init.ArcanumOfWisdomModScreens to MOD
[26Mar2025 16:53:29.199] [modloading-worker-0/DEBUG] [net.neoforged.fml.javafmlmod.AutomaticEventSubscriber/LOADING]: Auto-subscribing net.bcm.arcanumofwisdom.item.inventory.TheBookOfArcanaWisdomInventoryCapability to GAME
[26Mar2025 16:53:29.202] [modloading-worker-0/DEBUG] [net.neoforged.fml.javafmlmod.AutomaticEventSubscriber/LOADING]: Auto-subscribing net.bcm.arcanumofwisdom.item.inventory.AdjustableBottleOfEnchantingInventoryCapability to GAME
[26Mar2025 16:53:29.203] [modloading-worker-0/DEBUG] [net.neoforged.fml.javafmlmod.AutomaticEventSubscriber/LOADING]: Auto-subscribing net.bcm.arcanumofwisdom.item.Netherite_ArtifactArmorItem to MOD
[26Mar2025 16:53:29.205] [modloading-worker-0/DEBUG] [net.neoforged.fml.javafmlmod.AutomaticEventSubscriber/LOADING]: Auto-subscribing net.bcm.arcanumofwisdom.item.extension.AdjustableXPBottleItemExtension to MOD
[26Mar2025 16:53:29.206] [modloading-worker-0/DEBUG] [net.neoforged.fml.javafmlmod.AutomaticEventSubscriber/LOADING]: Auto-subscribing net.bcm.arcanumofwisdom.item.extension.UnlimitedXPBottleItemExtension to MOD
[26Mar2025 16:53:29.207] [modloading-worker-0/DEBUG] [net.neoforged.fml.javafmlmod.AutomaticEventSubscriber/LOADING]: Auto-subscribing net.bcm.arcanumofwisdom.network.ACTExtendedResearchGUIButtonMessage to MOD
[26Mar2025 16:53:29.209] [modloading-worker-0/DEBUG] [net.neoforged.fml.javafmlmod.AutomaticEventSubscriber/LOADING]: Auto-subscribing net.bcm.arcanumofwisdom.network.ALTResearchGUIButtonMessage to MOD
[26Mar2025 16:53:29.211] [modloading-worker-0/DEBUG] [net.neoforged.fml.javafmlmod.AutomaticEventSubscriber/LOADING]: Auto-subscribing net.bcm.arcanumofwisdom.network.AOWSettingsGUIButtonMessage to MOD
[26Mar2025 16:53:29.212] [modloading-worker-0/DEBUG] [net.neoforged.fml.javafmlmod.AutomaticEventSubscriber/LOADING]: Auto-subscribing net.bcm.arcanumofwisdom.network.ArcanaDimensionEnterMessage to MOD
[26Mar2025 16:53:29.212] [modloading-worker-0/DEBUG] [net.neoforged.fml.javafmlmod.AutomaticEventSubscriber/LOADING]: Auto-subscribing net.bcm.arcanumofwisdom.network.ArtifactcraftingtableGUIButtonMessage to MOD
[26Mar2025 16:53:29.216] [modloading-worker-0/DEBUG] [net.neoforged.fml.javafmlmod.AutomaticEventSubscriber/LOADING]: Auto-subscribing net.bcm.arcanumofwisdom.network.ArtifactlaboratorytableguiButtonMessage to MOD
[26Mar2025 16:53:29.217] [modloading-worker-0/DEBUG] [net.neoforged.fml.javafmlmod.AutomaticEventSubscriber/LOADING]: Auto-subscribing net.bcm.arcanumofwisdom.network.ArtifactOfDeformationGUIButtonMessage to MOD
[26Mar2025 16:53:29.219] [modloading-worker-0/DEBUG] [net.neoforged.fml.javafmlmod.AutomaticEventSubscriber/LOADING]: Auto-subscribing net.bcm.arcanumofwisdom.network.ArtifactOfDimensionsGUIButtonMessage to MOD
[26Mar2025 16:53:29.220] [modloading-worker-0/DEBUG] [net.neoforged.fml.javafmlmod.AutomaticEventSubscriber/LOADING]: Auto-subscribing net.bcm.arcanumofwisdom.network.BAWGUIACT2ButtonMessage to MOD
[26Mar2025 16:53:29.221] [modloading-worker-0/DEBUG] [net.neoforged.fml.javafmlmod.AutomaticEventSubscriber/LOADING]: Auto-subscribing net.bcm.arcanumofwisdom.network.BAWGUIACTButtonMessage to MOD
[26Mar2025 16:53:29.222] [modloading-worker-0/DEBUG] [net.neoforged.fml.javafmlmod.AutomaticEventSubscriber/LOADING]: Auto-subscribing net.bcm.arcanumofwisdom.network.BAWGUIAota2ButtonMessage to MOD
[26Mar2025 16:53:29.224] [modloading-worker-0/DEBUG] [net.neoforged.fml.javafmlmod.AutomaticEventSubscriber/LOADING]: Auto-subscribing net.bcm.arcanumofwisdom.network.BAWGUIAota3ButtonMessage to MOD
[26Mar2025 16:53:29.224] [modloading-worker-0/DEBUG] [net.neoforged.fml.javafmlmod.AutomaticEventSubscriber/LOADING]: Auto-subscribing net.bcm.arcanumofwisdom.network.BAWGUIAotaButtonMessage to MOD
[26Mar2025 16:53:29.226] [modloading-worker-0/DEBUG] [net.neoforged.fml.javafmlmod.AutomaticEventSubscriber/LOADING]: Auto-subscribing net.bcm.arcanumofwisdom.network.BAWGUIArcanaButtonMessage to MOD
[26Mar2025 16:53:29.227] [modloading-worker-0/DEBUG] [net.neoforged.fml.javafmlmod.AutomaticEventSubscriber/LOADING]: Auto-subscribing net.bcm.arcanumofwisdom.network.BAWGUIArcanaHowToEnterTheADButtonMessage to MOD
[26Mar2025 16:53:29.228] [modloading-worker-0/DEBUG] [net.neoforged.fml.javafmlmod.AutomaticEventSubscriber/LOADING]: Auto-subscribing net.bcm.arcanumofwisdom.network.BAWGUIArtifacts2ButtonMessage to MOD
[26Mar2025 16:53:29.231] [modloading-worker-0/DEBUG] [net.neoforged.fml.javafmlmod.AutomaticEventSubscriber/LOADING]: Auto-subscribing net.bcm.arcanumofwisdom.network.BAWGUIArtifacts3ButtonMessage to MOD
[26Mar2025 16:53:29.232] [modloading-worker-0/DEBUG] [net.neoforged.fml.javafmlmod.AutomaticEventSubscriber/LOADING]: Auto-subscribing net.bcm.arcanumofwisdom.network.BAWGUIArtifacts4ButtonMessage to MOD
[26Mar2025 16:53:29.234] [modloading-worker-0/DEBUG] [net.neoforged.fml.javafmlmod.AutomaticEventSubscriber/LOADING]: Auto-subscribing net.bcm.arcanumofwisdom.network.BAWGUIArtifacts5ButtonMessage to MOD
[26Mar2025 16:53:29.236] [modloading-worker-0/DEBUG] [net.neoforged.fml.javafmlmod.AutomaticEventSubscriber/LOADING]: Auto-subscribing net.bcm.arcanumofwisdom.network.BAWGUIArtifactsButtonMessage to MOD
[26Mar2025 16:53:29.237] [modloading-worker-0/DEBUG] [net.neoforged.fml.javafmlmod.AutomaticEventSubscriber/LOADING]: Auto-subscribing net.bcm.arcanumofwisdom.network.BAWGUIArtifactsHTGAButtonMessage to MOD
[26Mar2025 16:53:29.238] [modloading-worker-0/DEBUG] [net.neoforged.fml.javafmlmod.AutomaticEventSubscriber/LOADING]: Auto-subscribing net.bcm.arcanumofwisdom.network.BAWGUIBlocksButtonMessage to MOD
[26Mar2025 16:53:29.239] [modloading-worker-0/DEBUG] [net.neoforged.fml.javafmlmod.AutomaticEventSubscriber/LOADING]: Auto-subscribing net.bcm.arcanumofwisdom.network.BAWGUIItems2ButtonMessage to MOD
[26Mar2025 16:53:29.240] [modloading-worker-0/DEBUG] [net.neoforged.fml.javafmlmod.AutomaticEventSubscriber/LOADING]: Auto-subscribing net.bcm.arcanumofwisdom.network.BAWGUIItems3ButtonMessage to MOD
[26Mar2025 16:53:29.241] [modloading-worker-0/DEBUG] [net.neoforged.fml.javafmlmod.AutomaticEventSubscriber/LOADING]: Auto-subscribing net.bcm.arcanumofwisdom.network.BAWGUIItemsButtonMessage to MOD
[26Mar2025 16:53:29.243] [modloading-worker-0/DEBUG] [net.neoforged.fml.javafmlmod.AutomaticEventSubscriber/LOADING]: Auto-subscribing net.bcm.arcanumofwisdom.network.BAWGUILabTable2ButtonMessage to MOD
[26Mar2025 16:53:29.243] [modloading-worker-0/DEBUG] [net.neoforged.fml.javafmlmod.AutomaticEventSubscriber/LOADING]: Auto-subscribing net.bcm.arcanumofwisdom.network.BAWGUILabTableButtonMessage to MOD
[26Mar2025 16:53:29.244] [modloading-worker-0/DEBUG] [net.neoforged.fml.javafmlmod.AutomaticEventSubscriber/LOADING]: Auto-subscribing net.bcm.arcanumofwisdom.network.BAWGUIMenuButtonMessage to MOD
[26Mar2025 16:53:29.246] [modloading-worker-0/DEBUG] [net.neoforged.fml.javafmlmod.AutomaticEventSubscriber/LOADING]: Auto-subscribing net.bcm.arcanumofwisdom.network.BAWGUIWisdom2ButtonMessage to MOD
[26Mar2025 16:53:29.249] [modloading-worker-0/DEBUG] [net.neoforged.fml.javafmlmod.AutomaticEventSubscriber/LOADING]: Auto-subscribing net.bcm.arcanumofwisdom.network.BAWGUIWisdomButtonMessage to MOD
[26Mar2025 16:53:29.251] [modloading-worker-0/DEBUG] [net.neoforged.fml.javafmlmod.AutomaticEventSubscriber/LOADING]: Auto-subscribing net.bcm.arcanumofwisdom.network.ButtonsGUIButtonMessage to MOD
[26Mar2025 16:53:29.253] [modloading-worker-0/DEBUG] [net.neoforged.fml.javafmlmod.AutomaticEventSubscriber/LOADING]: Auto-subscribing net.bcm.arcanumofwisdom.network.EinstellungenMessage to MOD
[26Mar2025 16:53:29.254] [modloading-worker-0/DEBUG] [net.neoforged.fml.javafmlmod.AutomaticEventSubscriber/LOADING]: Auto-subscribing net.bcm.arcanumofwisdom.network.HolyBranchSecAbilityMessage to MOD
[26Mar2025 16:53:29.255] [modloading-worker-0/DEBUG] [net.neoforged.fml.javafmlmod.AutomaticEventSubscriber/LOADING]: Auto-subscribing net.bcm.arcanumofwisdom.network.HolyBranchUltAbilityMessage to MOD
[26Mar2025 16:53:29.257] [modloading-worker-0/DEBUG] [net.neoforged.fml.javafmlmod.AutomaticEventSubscriber/LOADING]: Auto-subscribing net.bcm.arcanumofwisdom.network.LVLEffectsGUIButtonMessage to MOD
[26Mar2025 16:53:29.259] [modloading-worker-0/DEBUG] [net.neoforged.fml.javafmlmod.AutomaticEventSubscriber/LOADING]: Auto-subscribing net.bcm.arcanumofwisdom.network.ShadowPowerKeyMessage to MOD
[26Mar2025 16:53:29.260] [modloading-worker-0/DEBUG] [net.neoforged.fml.javafmlmod.AutomaticEventSubscriber/LOADING]: Auto-subscribing net.bcm.arcanumofwisdom.network.SkillTreeButtonMessage to MOD
[26Mar2025 16:53:29.262] [modloading-worker-0/DEBUG] [net.neoforged.fml.javafmlmod.AutomaticEventSubscriber/LOADING]: Auto-subscribing net.bcm.arcanumofwisdom.network.TalentUebersichtMessage to MOD
[26Mar2025 16:53:29.263] [modloading-worker-0/DEBUG] [net.neoforged.fml.javafmlmod.AutomaticEventSubscriber/LOADING]: Auto-subscribing net.bcm.arcanumofwisdom.network.AltarOfTheAlchemistGUIButtonMessage to MOD
[26Mar2025 16:53:29.265] [modloading-worker-0/DEBUG] [net.neoforged.fml.javafmlmod.AutomaticEventSubscriber/LOADING]: Auto-subscribing net.bcm.arcanumofwisdom.network.AltarOfTheAlchemistPotionsGUIButtonMessage to MOD
[26Mar2025 16:53:29.266] [modloading-worker-0/DEBUG] [net.neoforged.fml.javafmlmod.AutomaticEventSubscriber/LOADING]: Auto-subscribing net.bcm.arcanumofwisdom.network.BAWGUICreditsButtonMessage to MOD
[26Mar2025 16:53:29.268] [modloading-worker-0/DEBUG] [net.neoforged.fml.javafmlmod.AutomaticEventSubscriber/LOADING]: Auto-subscribing net.bcm.arcanumofwisdom.network.BAWGUIModSupportButtonMessage to MOD
[26Mar2025 16:53:29.271] [modloading-worker-0/DEBUG] [net.neoforged.fml.javafmlmod.AutomaticEventSubscriber/LOADING]: Auto-subscribing net.bcm.arcanumofwisdom.network.AltarOfTheAlchemistBookGUIButtonMessage to MOD
[26Mar2025 16:53:29.272] [modloading-worker-0/DEBUG] [net.neoforged.fml.javafmlmod.AutomaticEventSubscriber/LOADING]: Auto-subscribing net.bcm.arcanumofwisdom.network.BAWGUIItems4ButtonMessage to MOD
[26Mar2025 16:53:29.274] [modloading-worker-0/DEBUG] [net.neoforged.fml.javafmlmod.AutomaticEventSubscriber/LOADING]: Auto-subscribing net.bcm.arcanumofwisdom.network.BAWGUIItems5ButtonMessage to MOD
[26Mar2025 16:53:29.275] [modloading-worker-0/DEBUG] [net.neoforged.fml.javafmlmod.AutomaticEventSubscriber/LOADING]: Auto-subscribing net.bcm.arcanumofwisdom.network.AdjustableBottleOfEnchantingGUIButtonMessage to MOD
[26Mar2025 16:53:29.275] [modloading-worker-0/DEBUG] [net.neoforged.fml.javafmlmod.AutomaticEventSubscriber/LOADING]: Auto-subscribing net.bcm.arcanumofwisdom.network.ArcanumOfWisdomModVariables$EventBusVariableHandlers to GAME
[26Mar2025 16:53:29.279] [modloading-worker-0/DEBUG] [net.neoforged.fml.javafmlmod.AutomaticEventSubscriber/LOADING]: Auto-subscribing net.bcm.arcanumofwisdom.network.ArcanumOfWisdomModVariables to MOD
[26Mar2025 16:53:29.281] [modloading-worker-0/DEBUG] [net.neoforged.fml.javafmlmod.AutomaticEventSubscriber/LOADING]: Auto-subscribing net.bcm.arcanumofwisdom.network.AotaDecryptingGUIButtonMessage to MOD
[26Mar2025 16:53:29.281] [modloading-worker-0/DEBUG] [net.neoforged.fml.javafmlmod.AutomaticEventSubscriber/LOADING]: Auto-subscribing net.bcm.arcanumofwisdom.network.ALTCombineGUIButtonMessage to MOD
[26Mar2025 16:53:29.283] [modloading-worker-0/DEBUG] [net.neoforged.fml.javafmlmod.AutomaticEventSubscriber/LOADING]: Auto-subscribing net.bcm.arcanumofwisdom.network.ALTExtractGUIButtonMessage to MOD
[26Mar2025 16:53:29.285] [modloading-worker-0/DEBUG] [net.neoforged.fml.javafmlmod.AutomaticEventSubscriber/LOADING]: Auto-subscribing net.bcm.arcanumofwisdom.network.ALTDestroyGUIButtonMessage to MOD
[26Mar2025 16:53:29.287] [modloading-worker-0/DEBUG] [net.neoforged.fml.javafmlmod.AutomaticEventSubscriber/LOADING]: Auto-subscribing net.bcm.arcanumofwisdom.potion.ArcanaWisdomCooldownMobEffect to MOD
[26Mar2025 16:53:29.290] [modloading-worker-0/DEBUG] [net.neoforged.fml.javafmlmod.AutomaticEventSubscriber/LOADING]: Auto-subscribing net.bcm.arcanumofwisdom.potion.ArcanaWisdomMobEffect to MOD
[26Mar2025 16:53:29.292] [modloading-worker-0/DEBUG] [net.neoforged.fml.javafmlmod.AutomaticEventSubscriber/LOADING]: Auto-subscribing net.bcm.arcanumofwisdom.potion.LavaRacerMobEffect to MOD
[26Mar2025 16:53:29.294] [modloading-worker-0/DEBUG] [net.neoforged.fml.javafmlmod.AutomaticEventSubscriber/LOADING]: Auto-subscribing net.bcm.arcanumofwisdom.potion.ShadowWarriorMobEffect to MOD
[26Mar2025 16:53:29.295] [modloading-worker-0/DEBUG] [net.neoforged.fml.javafmlmod.AutomaticEventSubscriber/LOADING]: Auto-subscribing net.bcm.arcanumofwisdom.potion.WaterRacerMobEffect to MOD
[26Mar2025 16:53:29.295] [modloading-worker-0/DEBUG] [net.neoforged.fml.javafmlmod.AutomaticEventSubscriber/LOADING]: Auto-subscribing net.bcm.arcanumofwisdom.potion.WisdomMobEffect to MOD
[26Mar2025 16:53:29.296] [modloading-worker-0/DEBUG] [net.neoforged.fml.javafmlmod.AutomaticEventSubscriber/LOADING]: Auto-subscribing net.bcm.arcanumofwisdom.procedures.ArcanaDimensionRulesProcedure to GAME
[26Mar2025 16:53:29.297] [modloading-worker-0/DEBUG] [net.neoforged.fml.javafmlmod.AutomaticEventSubscriber/LOADING]: Auto-subscribing net.bcm.arcanumofwisdom.procedures.ControloverliquidsPProcedure to GAME
[26Mar2025 16:53:29.300] [modloading-worker-0/DEBUG] [net.neoforged.fml.javafmlmod.AutomaticEventSubscriber/LOADING]: Auto-subscribing net.bcm.arcanumofwisdom.procedures.FakeWaterDeactivateFallDamageProcedure to GAME
[26Mar2025 16:53:29.304] [modloading-worker-0/DEBUG] [net.neoforged.fml.javafmlmod.AutomaticEventSubscriber/LOADING]: Auto-subscribing net.bcm.arcanumofwisdom.procedures.GraceOfTheArcanaUnvulnarableProcedure to GAME
[26Mar2025 16:53:29.305] [modloading-worker-0/DEBUG] [net.neoforged.fml.javafmlmod.AutomaticEventSubscriber/LOADING]: Auto-subscribing net.bcm.arcanumofwisdom.procedures.InstantComebackTriggerPProcedure to GAME
[26Mar2025 16:53:29.309] [modloading-worker-0/DEBUG] [net.neoforged.fml.javafmlmod.AutomaticEventSubscriber/LOADING]: Auto-subscribing net.bcm.arcanumofwisdom.procedures.MasteroftheArcanaPProcedure to GAME
[26Mar2025 16:53:29.312] [modloading-worker-0/DEBUG] [net.neoforged.fml.javafmlmod.AutomaticEventSubscriber/LOADING]: Auto-subscribing net.bcm.arcanumofwisdom.procedures.MasterofWisdomPProcedure to GAME
[26Mar2025 16:53:29.313] [modloading-worker-0/DEBUG] [net.neoforged.fml.javafmlmod.AutomaticEventSubscriber/LOADING]: Auto-subscribing net.bcm.arcanumofwisdom.procedures.ThePathofWisdomPProcedure to GAME
[26Mar2025 16:53:29.314] [modloading-worker-0/DEBUG] [net.neoforged.fml.javafmlmod.AutomaticEventSubscriber/LOADING]: Auto-subscribing net.bcm.arcanumofwisdom.procedures.TotemEffectTriggerPProcedure to GAME
[26Mar2025 16:53:29.317] [modloading-worker-0/DEBUG] [net.neoforged.fml.javafmlmod.AutomaticEventSubscriber/LOADING]: Auto-subscribing net.bcm.arcanumofwisdom.procedures.ApprenticeOfTheAlchemistPProcedure to GAME
[26Mar2025 16:53:29.319] [modloading-worker-0/DEBUG] [net.neoforged.fml.javafmlmod.AutomaticEventSubscriber/LOADING]: Auto-subscribing net.bcm.arcanumofwisdom.procedures.RecruitoftheWisePProcedure to GAME
[26Mar2025 16:53:29.320] [modloading-worker-0/DEBUG] [net.neoforged.fml.javafmlmod.AutomaticEventSubscriber/LOADING]: Auto-subscribing net.bcm.arcanumofwisdom.procedures.IfEntityWithNASAttackedProcedure to GAME
[26Mar2025 16:53:29.321] [modloading-worker-0/DEBUG] [net.neoforged.fml.javafmlmod.AutomaticEventSubscriber/LOADING]: Auto-subscribing net.bcm.arcanumofwisdom.procedures.TickEntityWithBlockingShieldProcedure to GAME
[26Mar2025 16:53:29.322] [modloading-worker-0/DEBUG] [net.neoforged.fml.javafmlmod.AutomaticEventSubscriber/LOADING]: Auto-subscribing net.bcm.arcanumofwisdom.procedures.IfEntityHasNASInOffHandAndArtifactsInInvProcedure to GAME
[26Mar2025 16:53:29.322] [modloading-worker-0/DEBUG] [net.neoforged.fml.javafmlmod.AutomaticEventSubscriber/LOADING]: Auto-subscribing net.bcm.arcanumofwisdom.procedures.WardenLoottableProcedure to GAME
[26Mar2025 16:53:29.324] [modloading-worker-0/DEBUG] [net.neoforged.fml.javafmlmod.AutomaticEventSubscriber/LOADING]: Auto-subscribing net.bcm.arcanumofwisdom.procedures.EvokerLottableProcedure to GAME
[26Mar2025 16:53:29.324] [modloading-worker-0/DEBUG] [net.neoforged.fml.javafmlmod.AutomaticEventSubscriber/LOADING]: Auto-subscribing net.bcm.arcanumofwisdom.procedures.GuardianLoottableProcedure to GAME
[26Mar2025 16:53:29.326] [modloading-worker-0/DEBUG] [net.neoforged.fml.javafmlmod.AutomaticEventSubscriber/LOADING]: Auto-subscribing net.bcm.arcanumofwisdom.procedures.ElderGuardianLoottableProcedure to GAME
[26Mar2025 16:53:29.326] [modloading-worker-0/DEBUG] [net.neoforged.fml.javafmlmod.AutomaticEventSubscriber/LOADING]: Auto-subscribing net.bcm.arcanumofwisdom.procedures.ArtifactsRandomDropProcedure to GAME
[26Mar2025 16:53:29.328] [modloading-worker-0/DEBUG] [net.neoforged.fml.javafmlmod.AutomaticEventSubscriber/LOADING]: Auto-subscribing net.bcm.arcanumofwisdom.procedures.TheEndAdvancementLoottableProcedure to GAME
[26Mar2025 16:53:29.331] [modloading-worker-0/DEBUG] [net.neoforged.fml.javafmlmod.AutomaticEventSubscriber/LOADING]: Auto-subscribing net.bcm.arcanumofwisdom.procedures.CoverMeInArtifactsPProcedure to GAME
[26Mar2025 16:53:29.332] [modloading-worker-0/DEBUG] [net.neoforged.fml.javafmlmod.AutomaticEventSubscriber/LOADING]: Auto-subscribing net.bcm.arcanumofwisdom.procedures.DecryptingTraderPProcedure to GAME
[26Mar2025 16:53:29.333] [modloading-worker-0/DEBUG] [net.neoforged.fml.javafmlmod.AutomaticEventSubscriber/LOADING]: Auto-subscribing net.bcm.arcanumofwisdom.procedures.LVL5PProcedure to GAME
[26Mar2025 16:53:29.335] [modloading-worker-0/DEBUG] [net.neoforged.fml.javafmlmod.AutomaticEventSubscriber/LOADING]: Auto-subscribing net.bcm.arcanumofwisdom.procedures.LVL10PProcedure to GAME
[26Mar2025 16:53:29.336] [modloading-worker-0/DEBUG] [net.neoforged.fml.javafmlmod.AutomaticEventSubscriber/LOADING]: Auto-subscribing net.bcm.arcanumofwisdom.procedures.LVL30Procedure to GAME
[26Mar2025 16:53:29.338] [modloading-worker-0/DEBUG] [net.neoforged.fml.javafmlmod.AutomaticEventSubscriber/LOADING]: Auto-subscribing net.bcm.arcanumofwisdom.procedures.LVL50Procedure to GAME
[26Mar2025 16:53:29.338] [modloading-worker-0/DEBUG] [net.neoforged.fml.javafmlmod.AutomaticEventSubscriber/LOADING]: Auto-subscribing net.bcm.arcanumofwisdom.procedures.AutomaticVarResetsProcedure to GAME
[26Mar2025 16:53:29.340] [modloading-worker-0/DEBUG] [net.neoforged.fml.javafmlmod.AutomaticEventSubscriber/LOADING]: Auto-subscribing net.bcm.arcanumofwisdom.procedures.NoCooldownsPProcedure to GAME
[26Mar2025 16:53:29.341] [modloading-worker-0/DEBUG] [net.neoforged.fml.javafmlmod.AutomaticEventSubscriber/LOADING]: Auto-subscribing net.bcm.arcanumofwisdom.procedures.LVL80Procedure to GAME
[26Mar2025 16:53:29.341] [modloading-worker-0/DEBUG] [net.neoforged.fml.javafmlmod.AutomaticEventSubscriber/LOADING]: Auto-subscribing net.bcm.arcanumofwisdom.procedures.LVL100Procedure to GAME
[26Mar2025 16:53:29.342] [modloading-worker-0/DEBUG] [net.neoforged.fml.javafmlmod.AutomaticEventSubscriber/LOADING]: Auto-subscribing net.bcm.arcanumofwisdom.procedures.UpdateEffectsAfterDeathProcedure to GAME
[26Mar2025 16:53:29.344] [modloading-worker-0/DEBUG] [net.neoforged.fml.javafmlmod.AutomaticEventSubscriber/LOADING]: Auto-subscribing net.bcm.arcanumofwisdom.procedures.DiscoveryofexpandedpowersPProcedure to GAME
[26Mar2025 16:53:29.345] [modloading-worker-0/DEBUG] [net.neoforged.fml.javafmlmod.AutomaticEventSubscriber/LOADING]: Auto-subscribing net.bcm.arcanumofwisdom.procedures.ThediscoveryoftruestrenghtPProcedure to GAME
[26Mar2025 16:53:29.345] [modloading-worker-0/DEBUG] [net.neoforged.fml.javafmlmod.AutomaticEventSubscriber/LOADING]: Auto-subscribing net.bcm.arcanumofwisdom.procedures.OutoftheshadowsPProcedure to GAME
[26Mar2025 16:53:29.346] [modloading-worker-0/DEBUG] [net.neoforged.fml.javafmlmod.AutomaticEventSubscriber/LOADING]: Auto-subscribing net.bcm.arcanumofwisdom.procedures.StartupInfoMessageClientsidePProcedure to GAME
[26Mar2025 16:53:29.348] [modloading-worker-0/DEBUG] [net.neoforged.fml.javafmlmod.AutomaticEventSubscriber/LOADING]: Auto-subscribing net.bcm.arcanumofwisdom.procedures.NightHunterEffectTriggerProcedure to GAME
[26Mar2025 16:53:29.350] [modloading-worker-0/DEBUG] [net.neoforged.fml.javafmlmod.AutomaticEventSubscriber/LOADING]: Auto-subscribing net.bcm.arcanumofwisdom.procedures.ElytryenhancerdiscoveredPProcedure to GAME
[26Mar2025 16:53:29.351] [modloading-worker-0/DEBUG] [net.neoforged.fml.javafmlmod.AutomaticEventSubscriber/LOADING]: Auto-subscribing net.bcm.arcanumofwisdom.procedures.RegenHPdiscoveredPProcedure to GAME
[26Mar2025 16:53:29.353] [modloading-worker-0/DEBUG] [net.neoforged.fml.javafmlmod.AutomaticEventSubscriber/LOADING]: Auto-subscribing net.bcm.arcanumofwisdom.procedures.TotemdiscoveredPProcedure to GAME
[26Mar2025 16:53:29.355] [modloading-worker-0/DEBUG] [net.neoforged.fml.javafmlmod.AutomaticEventSubscriber/LOADING]: Auto-subscribing net.bcm.arcanumofwisdom.procedures.InstantsaturationdiscoveredPProcedure to GAME
[26Mar2025 16:53:29.356] [modloading-worker-0/DEBUG] [net.neoforged.fml.javafmlmod.AutomaticEventSubscriber/LOADING]: Auto-subscribing net.bcm.arcanumofwisdom.procedures.RegensatdiscoveredPProcedure to GAME
[26Mar2025 16:53:29.357] [modloading-worker-0/DEBUG] [net.neoforged.fml.javafmlmod.AutomaticEventSubscriber/LOADING]: Auto-subscribing net.bcm.arcanumofwisdom.procedures.InstantcomebackdiscoveredPProcedure to GAME
[26Mar2025 16:53:29.357] [modloading-worker-0/DEBUG] [net.neoforged.fml.javafmlmod.AutomaticEventSubscriber/LOADING]: Auto-subscribing net.bcm.arcanumofwisdom.procedures.ElytraenhancernotdiscoveredPProcedure to GAME
[26Mar2025 16:53:29.358] [modloading-worker-0/DEBUG] [net.neoforged.fml.javafmlmod.AutomaticEventSubscriber/LOADING]: Auto-subscribing net.bcm.arcanumofwisdom.procedures.RegenHPnotdiscoveredPProcedure to GAME
[26Mar2025 16:53:29.359] [modloading-worker-0/DEBUG] [net.neoforged.fml.javafmlmod.AutomaticEventSubscriber/LOADING]: Auto-subscribing net.bcm.arcanumofwisdom.procedures.TotemnotdiscoveredPProcedure to GAME
[26Mar2025 16:53:29.359] [modloading-worker-0/DEBUG] [net.neoforged.fml.javafmlmod.AutomaticEventSubscriber/LOADING]: Auto-subscribing net.bcm.arcanumofwisdom.procedures.InstantsaturationnotdiscoveredPProcedure to GAME
[26Mar2025 16:53:29.360] [modloading-worker-0/DEBUG] [net.neoforged.fml.javafmlmod.AutomaticEventSubscriber/LOADING]: Auto-subscribing net.bcm.arcanumofwisdom.procedures.RegensatnotdiscoveredPProcedure to GAME
[26Mar2025 16:53:29.361] [modloading-worker-0/DEBUG] [net.neoforged.fml.javafmlmod.AutomaticEventSubscriber/LOADING]: Auto-subscribing net.bcm.arcanumofwisdom.procedures.InstantcomebacknotdiscoveredPProcedure to GAME
[26Mar2025 16:53:29.363] [modloading-worker-0/DEBUG] [net.neoforged.fml.javafmlmod.AutomaticEventSubscriber/LOADING]: Auto-subscribing net.bcm.arcanumofwisdom.procedures.ArmorboosterdiscoveredPProcedure to GAME
[26Mar2025 16:53:29.363] [modloading-worker-0/DEBUG] [net.neoforged.fml.javafmlmod.AutomaticEventSubscriber/LOADING]: Auto-subscribing net.bcm.arcanumofwisdom.procedures.ArmorboosternotdiscoveredPProcedure to GAME
[26Mar2025 16:53:29.364] [modloading-worker-0/DEBUG] [net.neoforged.fml.javafmlmod.AutomaticEventSubscriber/LOADING]: Auto-subscribing net.bcm.arcanumofwisdom.procedures.MiningboosterdiscoveredPProcedure to GAME
[26Mar2025 16:53:29.365] [modloading-worker-0/DEBUG] [net.neoforged.fml.javafmlmod.AutomaticEventSubscriber/LOADING]: Auto-subscribing net.bcm.arcanumofwisdom.procedures.MiningboosternotdiscoveredPProcedure to GAME
[26Mar2025 16:53:29.366] [modloading-worker-0/DEBUG] [net.neoforged.fml.javafmlmod.AutomaticEventSubscriber/LOADING]: Auto-subscribing net.bcm.arcanumofwisdom.procedures.FistboosterdiscoveredPProcedure to GAME
[26Mar2025 16:53:29.367] [modloading-worker-0/DEBUG] [net.neoforged.fml.javafmlmod.AutomaticEventSubscriber/LOADING]: Auto-subscribing net.bcm.arcanumofwisdom.procedures.FistboosternotdiscoveredPProcedure to GAME
[26Mar2025 16:53:29.368] [modloading-worker-0/DEBUG] [net.neoforged.fml.javafmlmod.AutomaticEventSubscriber/LOADING]: Auto-subscribing net.bcm.arcanumofwisdom.procedures.FistOfDoomdiscoveredPProcedure to GAME
[26Mar2025 16:53:29.369] [modloading-worker-0/DEBUG] [net.neoforged.fml.javafmlmod.AutomaticEventSubscriber/LOADING]: Auto-subscribing net.bcm.arcanumofwisdom.procedures.FistOfDoomnotdiscoveredPProcedure to GAME
[26Mar2025 16:53:29.369] [modloading-worker-0/DEBUG] [net.neoforged.fml.javafmlmod.AutomaticEventSubscriber/LOADING]: Auto-subscribing net.bcm.arcanumofwisdom.procedures.StudentOfTheAlchemistPProcedure to GAME
[26Mar2025 16:53:29.370] [modloading-worker-0/DEBUG] [net.neoforged.fml.javafmlmod.AutomaticEventSubscriber/LOADING]: Auto-subscribing net.bcm.arcanumofwisdom.procedures.MasterOfAlchemyPProcedure to GAME
[26Mar2025 16:53:29.372] [modloading-worker-0/DEBUG] [net.neoforged.fml.javafmlmod.AutomaticEventSubscriber/LOADING]: Auto-subscribing net.bcm.arcanumofwisdom.world.dimension.ArcanaPlainsDimension$ArcanaPlainsSpecialEffectsHandler to MOD
[26Mar2025 16:53:29.373] [modloading-worker-0/DEBUG] [net.neoforged.fml.javafmlmod.AutomaticEventSubscriber/LOADING]: Auto-subscribing net.bcm.arcanumofwisdom.world.dimension.ArcanaPlainsDimension to GAME
[26Mar2025 16:53:29.373] [modloading-worker-0/DEBUG] [net.neoforged.fml.javafmlmod.AutomaticEventSubscriber/LOADING]: Auto-subscribing net.bcm.arcanumofwisdom.world.features.treedecorators.ArcanaRiversBiomeFruitDecorator to MOD
[26Mar2025 16:53:29.376] [modloading-worker-0/DEBUG] [net.neoforged.fml.javafmlmod.AutomaticEventSubscriber/LOADING]: Auto-subscribing net.bcm.arcanumofwisdom.world.features.treedecorators.ArcanaRiversBiomeLeaveDecorator to MOD
[26Mar2025 16:53:29.379] [modloading-worker-0/DEBUG] [net.neoforged.fml.javafmlmod.AutomaticEventSubscriber/LOADING]: Auto-subscribing net.bcm.arcanumofwisdom.world.features.treedecorators.ArcanaRiversBiomeTrunkDecorator to MOD
[26Mar2025 16:53:29.380] [modloading-worker-0/DEBUG] [net.neoforged.fml.javafmlmod.AutomaticEventSubscriber/LOADING]: Auto-subscribing net.bcm.arcanumofwisdom.world.inventory.ALTCombineGUIMenu to GAME
[26Mar2025 16:53:29.746] [modloading-sync-worker/DEBUG] [net.neoforged.fml.config.ConfigTracker/CONFIG]: Loading configs type CLIENT
[26Mar2025 16:53:29.766] [modloading-sync-worker/DEBUG] [net.neoforged.neoforge.common.NeoForgeConfig/FORGEMOD]: Loaded NeoForge config file neoforge-client.toml
[26Mar2025 16:53:29.766] [modloading-sync-worker/DEBUG] [net.neoforged.fml.config.ConfigTracker/CONFIG]: Loaded TOML config file G:\MODS\AoW\AoW\run\config\neoforge-client.toml
[26Mar2025 16:53:29.774] [modloading-sync-worker/DEBUG] [net.neoforged.fml.config.ConfigTracker/CONFIG]: Watching TOML config file G:\MODS\AoW\AoW\run\config\neoforge-client.toml for changes
[26Mar2025 16:53:29.774] [modloading-sync-worker/DEBUG] [net.neoforged.fml.config.ConfigTracker/CONFIG]: Loading configs type COMMON
[26Mar2025 16:53:29.774] [modloading-sync-worker/DEBUG] [net.neoforged.neoforge.common.NeoForgeConfig/FORGEMOD]: Loaded NeoForge config file neoforge-common.toml
[26Mar2025 16:53:29.774] [modloading-sync-worker/DEBUG] [net.neoforged.fml.config.ConfigTracker/CONFIG]: Loaded TOML config file G:\MODS\AoW\AoW\run\config\neoforge-common.toml
[26Mar2025 16:53:29.775] [modloading-sync-worker/DEBUG] [net.neoforged.fml.config.ConfigTracker/CONFIG]: Watching TOML config file G:\MODS\AoW\AoW\run\config\neoforge-common.toml for changes
[26Mar2025 16:53:30.325] [Render thread/INFO] [net.neoforged.neoforge.gametest.GameTestHooks/]: Enabled Gametest Namespaces: []
[26Mar2025 16:53:30.662] [Render thread/INFO] [net.minecraft.server.packs.resources.ReloadableResourceManager/]: Reloading ResourceManager: vanilla, mod_resources, mod/neoforge, mod/arcanum_of_wisdom, mod/arcanum_of_dimensions
[26Mar2025 16:53:30.846] [Render thread/DEBUG] [net.neoforged.fml.DeferredWorkQueue/LOADING]: Dispatching synchronous work for work queue Common setup: 3 jobs
[26Mar2025 16:53:30.855] [Render thread/DEBUG] [net.neoforged.fml.DeferredWorkQueue/LOADING]: Synchronous work queue completed in 7.915 ms
[26Mar2025 16:53:30.880] [Worker-Main-11/INFO] [net.minecraft.client.gui.font.providers.UnihexProvider/]: Found unifont_all_no_pua-15.1.05.hex, loading
[26Mar2025 16:53:30.996] [Worker-Main-3/INFO] [net.minecraft.client.gui.font.providers.UnihexProvider/]: Found unifont_jp_patch-15.1.05.hex, loading
[26Mar2025 16:53:31.240] [Worker-Main-4/WARN] [net.minecraft.client.renderer.texture.SpriteLoader/]: Texture arcanum_of_wisdom:item/encryptedalchemybook with size 10x14 limits mip level from 2 to 1
[26Mar2025 16:53:32.751] [Render thread/WARN] [net.minecraft.client.sounds.SoundEngine/]: Missing sound for event: minecraft:item.goat_horn.play
[26Mar2025 16:53:32.751] [Render thread/WARN] [net.minecraft.client.sounds.SoundEngine/]: Missing sound for event: minecraft:entity.goat.screaming.horn_break
[26Mar2025 16:53:32.812] [Render thread/INFO] [com.mojang.blaze3d.audio.Library/]: OpenAL initialized on device OpenAL Soft on PL2710HD (NVIDIA High Definition Audio)
[26Mar2025 16:53:32.813] [Render thread/INFO] [net.minecraft.client.sounds.SoundEngine/SOUNDS]: Sound engine started
[26Mar2025 16:53:32.945] [Render thread/INFO] [net.minecraft.client.renderer.texture.TextureAtlas/]: Created: 1024x1024x2 minecraft:textures/atlas/blocks.png-atlas
[26Mar2025 16:53:32.952] [Render thread/INFO] [net.minecraft.client.renderer.texture.TextureAtlas/]: Created: 256x256x2 minecraft:textures/atlas/signs.png-atlas
[26Mar2025 16:53:32.952] [Render thread/INFO] [net.minecraft.client.renderer.texture.TextureAtlas/]: Created: 512x512x2 minecraft:textures/atlas/shield_patterns.png-atlas
[26Mar2025 16:53:32.953] [Render thread/INFO] [net.minecraft.client.renderer.texture.TextureAtlas/]: Created: 512x512x2 minecraft:textures/atlas/banner_patterns.png-atlas
[26Mar2025 16:53:32.954] [Render thread/INFO] [net.minecraft.client.renderer.texture.TextureAtlas/]: Created: 1024x1024x2 minecraft:textures/atlas/armor_trims.png-atlas
[26Mar2025 16:53:32.957] [Render thread/INFO] [net.minecraft.client.renderer.texture.TextureAtlas/]: Created: 256x256x2 minecraft:textures/atlas/chest.png-atlas
[26Mar2025 16:53:32.958] [Render thread/INFO] [net.minecraft.client.renderer.texture.TextureAtlas/]: Created: 128x64x2 minecraft:textures/atlas/decorated_pot.png-atlas
[26Mar2025 16:53:32.958] [Render thread/INFO] [net.minecraft.client.renderer.texture.TextureAtlas/]: Created: 512x256x2 minecraft:textures/atlas/beds.png-atlas
[26Mar2025 16:53:32.958] [Render thread/INFO] [net.minecraft.client.renderer.texture.TextureAtlas/]: Created: 512x256x2 minecraft:textures/atlas/shulker_boxes.png-atlas
[26Mar2025 16:53:33.253] [Render thread/INFO] [net.minecraft.client.renderer.texture.TextureAtlas/]: Created: 512x256x0 minecraft:textures/atlas/particles.png-atlas
[26Mar2025 16:53:33.255] [Render thread/INFO] [net.minecraft.client.renderer.texture.TextureAtlas/]: Created: 512x256x0 minecraft:textures/atlas/paintings.png-atlas
[26Mar2025 16:53:33.256] [Render thread/INFO] [net.minecraft.client.renderer.texture.TextureAtlas/]: Created: 256x128x0 minecraft:textures/atlas/mob_effects.png-atlas
[26Mar2025 16:53:33.256] [Render thread/INFO] [net.minecraft.client.renderer.texture.TextureAtlas/]: Created: 64x64x0 minecraft:textures/atlas/map_decorations.png-atlas
[26Mar2025 16:53:33.256] [Render thread/INFO] [net.minecraft.client.renderer.texture.TextureAtlas/]: Created: 1024x512x0 minecraft:textures/atlas/gui.png-atlas
[26Mar2025 16:53:33.286] [Render thread/WARN] [net.minecraft.client.renderer.ShaderInstance/]: Shader rendertype_entity_translucent_emissive could not find sampler named Sampler2 in the specified shader program.
[26Mar2025 16:53:33.354] [Render thread/INFO] [net.neoforged.neoforge.client.entity.animation.json.AnimationLoader/]: Loaded 0 entity animations
[26Mar2025 16:53:39.055] [Render thread/INFO] [net.minecraft.world.item.crafting.RecipeManager/]: Loaded 1294 recipes
[26Mar2025 16:53:39.256] [Render thread/INFO] [net.minecraft.advancements.AdvancementTree/]: Loaded 1417 advancements
[26Mar2025 16:53:39.259] [Render thread/WARN] [net.neoforged.neoforge.common.loot.LootModifierManager/]: Could not decode GlobalLootModifier with json id arcanum_of_wisdom:buried_treasure_chest - error: Not a JSON object: null
[26Mar2025 16:53:39.259] [Render thread/WARN] [net.neoforged.neoforge.common.loot.LootModifierManager/]: Could not decode GlobalLootModifier with json id arcanum_of_wisdom:underwater_ruin_big_chest - error: Not a JSON object: null
[26Mar2025 16:53:39.259] [Render thread/WARN] [net.neoforged.neoforge.common.loot.LootModifierManager/]: Could not decode GlobalLootModifier with json id arcanum_of_wisdom:stronghold_library_chest - error: Not a JSON object: null
[26Mar2025 16:53:39.259] [Render thread/WARN] [net.neoforged.neoforge.common.loot.LootModifierManager/]: Could not decode GlobalLootModifier with json id arcanum_of_wisdom:villager_weaponsmith_gift_p - error: Not a JSON object: null
[26Mar2025 16:53:39.259] [Render thread/WARN] [net.neoforged.neoforge.common.loot.LootModifierManager/]: Could not decode GlobalLootModifier with json id arcanum_of_wisdom:jungle_temple_treasure - error: Not a JSON object: null
[26Mar2025 16:53:39.259] [Render thread/WARN] [net.neoforged.neoforge.common.loot.LootModifierManager/]: Could not decode GlobalLootModifier with json id arcanum_of_wisdom:village_toolsmith_chest - error: Not a JSON object: null
[26Mar2025 16:53:39.259] [Render thread/WARN] [net.neoforged.neoforge.common.loot.LootModifierManager/]: Could not decode GlobalLootModifier with json id arcanum_of_wisdom:villager_toolsmith_gift_p - error: Not a JSON object: null
[26Mar2025 16:53:39.259] [Render thread/WARN] [net.neoforged.neoforge.common.loot.LootModifierManager/]: Could not decode GlobalLootModifier with json id arcanum_of_wisdom:villager_cleric_gift_p - error: Not a JSON object: null
[26Mar2025 16:53:39.259] [Render thread/WARN] [net.neoforged.neoforge.common.loot.LootModifierManager/]: Could not decode GlobalLootModifier with json id arcanum_of_wisdom:villager_librarian_gift_p - error: Not a JSON object: null
[26Mar2025 16:53:39.259] [Render thread/WARN] [net.neoforged.neoforge.common.loot.LootModifierManager/]: Could not decode GlobalLootModifier with json id arcanum_of_wisdom:woodland_mansion_chest - error: Not a JSON object: null
[26Mar2025 16:53:39.923] [Render thread/DEBUG] [net.neoforged.neoforge.common.CommonHooks/WP]: Gathered mod list to write to world save New World
[26Mar2025 16:53:40.055] [Server thread/INFO] [net.minecraft.client.server.IntegratedServer/]: Starting integrated minecraft server version 1.21.1
[26Mar2025 16:53:40.055] [Server thread/INFO] [net.minecraft.server.MinecraftServer/]: Generating keypair
[26Mar2025 16:53:40.166] [Server thread/DEBUG] [net.neoforged.fml.config.ConfigTracker/CONFIG]: Loading configs type SERVER
[26Mar2025 16:53:40.166] [Server thread/DEBUG] [net.neoforged.neoforge.common.NeoForgeConfig/FORGEMOD]: Loaded NeoForge config file neoforge-server.toml
[26Mar2025 16:53:40.166] [Server thread/DEBUG] [net.neoforged.fml.config.ConfigTracker/CONFIG]: Loaded TOML config file G:\MODS\AoW\AoW\run\config\neoforge-server.toml
[26Mar2025 16:53:40.167] [Server thread/DEBUG] [net.neoforged.fml.config.ConfigTracker/CONFIG]: Watching TOML config file G:\MODS\AoW\AoW\run\config\neoforge-server.toml for changes
[26Mar2025 16:53:42.289] [Server thread/INFO] [net.minecraft.server.MinecraftServer/]: Preparing start region for dimension minecraft:overworld
[26Mar2025 16:53:42.520] [progressListener/INFO] [net.minecraft.server.level.progress.LoggerChunkProgressListener/]: Preparing spawn area: 0%
[26Mar2025 16:53:42.782] [Server thread/INFO] [net.neoforged.neoforge.server.permission.PermissionAPI/]: Successfully initialized permission handler neoforge:default_handler
[26Mar2025 16:53:42.797] [progressListener/INFO] [net.minecraft.server.level.progress.LoggerChunkProgressListener/]: Time elapsed: 496 ms
[26Mar2025 16:53:42.875] [Server thread/INFO] [net.minecraft.client.server.IntegratedServer/]: Changing view distance to 5, from 10
[26Mar2025 16:53:42.875] [Server thread/INFO] [net.minecraft.client.server.IntegratedServer/]: Changing simulation distance to 12, from 0
[26Mar2025 16:53:42.917] [Render thread/DEBUG] [io.netty.channel.MultithreadEventLoopGroup/]: -Dio.netty.eventLoopThreads: 24
[26Mar2025 16:53:42.941] [Render thread/DEBUG] [io.netty.util.concurrent.GlobalEventExecutor/]: -Dio.netty.globalEventExecutor.quietPeriodSeconds: 1
[26Mar2025 16:53:42.960] [Render thread/DEBUG] [io.netty.channel.nio.NioEventLoop/]: -Dio.netty.noKeySetOptimization: false
[26Mar2025 16:53:42.960] [Render thread/DEBUG] [io.netty.channel.nio.NioEventLoop/]: -Dio.netty.selectorAutoRebuildThreshold: 512
[26Mar2025 16:53:42.971] [Render thread/DEBUG] [io.netty.util.internal.PlatformDependent/]: org.jctools-core.MpscChunkedArrayQueue: available
[26Mar2025 16:53:43.040] [Render thread/DEBUG] [io.netty.channel.DefaultChannelId/]: -Dio.netty.processId: 20896 (auto-detected)
[26Mar2025 16:53:43.048] [Render thread/DEBUG] [io.netty.util.NetUtil/]: -Djava.net.preferIPv4Stack: false
[26Mar2025 16:53:43.048] [Render thread/DEBUG] [io.netty.util.NetUtil/]: -Djava.net.preferIPv6Addresses: system
[26Mar2025 16:53:43.056] [Render thread/DEBUG] [io.netty.util.NetUtilInitializations/]: Loopback interface: loopback_0 (Software Loopback Interface 1, 0:0:0:0:0:0:0:1)
[26Mar2025 16:53:43.058] [Render thread/DEBUG] [io.netty.util.NetUtil/]: Failed to get SOMAXCONN from sysctl and file \proc\sys\net\core\somaxconn. Default: 200
[26Mar2025 16:53:43.059] [Render thread/DEBUG] [io.netty.channel.DefaultChannelId/]: -Dio.netty.machineId: f0:57:a6:ff:fe:f9:db:07 (auto-detected)
[26Mar2025 16:53:43.272] [Render thread/DEBUG] [io.netty.util.Recycler/]: -Dio.netty.recycler.maxCapacityPerThread: 4096
[26Mar2025 16:53:43.274] [Render thread/DEBUG] [io.netty.util.Recycler/]: -Dio.netty.recycler.ratio: 8
[26Mar2025 16:53:43.274] [Render thread/DEBUG] [io.netty.util.Recycler/]: -Dio.netty.recycler.chunkSize: 32
[26Mar2025 16:53:43.274] [Render thread/DEBUG] [io.netty.util.Recycler/]: -Dio.netty.recycler.blocking: false
[26Mar2025 16:53:43.274] [Render thread/DEBUG] [io.netty.util.Recycler/]: -Dio.netty.recycler.batchFastThreadLocalOnly: true
[26Mar2025 16:53:43.474] [Netty Server IO #1/DEBUG] [net.neoforged.neoforge.network.filters.NetworkFilters/]: Injected net.neoforged.neoforge.network.filters.GenericPacketSplitter@1d9ba975 into net.minecraft.network.Connection@573bf827
[26Mar2025 16:53:43.488] [Netty Local Client IO #0/DEBUG] [net.neoforged.neoforge.network.filters.NetworkFilters/]: Injected net.neoforged.neoforge.network.filters.GenericPacketSplitter@5b55abe4 into net.minecraft.network.Connection@2c81ce46
[26Mar2025 16:53:44.006] [Netty Server IO #1/DEBUG] [net.neoforged.neoforge.network.filters.NetworkFilters/]: Injected net.neoforged.neoforge.network.filters.GenericPacketSplitter@2d7a17ac into net.minecraft.network.Connection@573bf827
[26Mar2025 16:53:44.099] [Server thread/INFO] [net.minecraft.server.players.PlayerList/]: Dev[local:E:336f8c8c] logged in with entity id 75 at (-796.3947877459647, 70.0, -135.402320439845)
[26Mar2025 16:53:44.190] [Server thread/INFO] [net.minecraft.server.MinecraftServer/]: Dev joined the game
[26Mar2025 16:53:44.228] [Server thread/WARN] [net.minecraft.world.scores.Scoreboard/]: Requested creation of existing team 'aow_raider_elixir'
[26Mar2025 16:53:44.442] [Render thread/INFO] [net.minecraft.advancements.AdvancementTree/]: Loaded 229 advancements
[26Mar2025 16:56:33.492] [Render thread/WARN] [net.minecraft.client.sounds.SoundEngine/SOUNDS]: Unable to play empty soundEvent: minecraft:entity.cod.ambient
[26Mar2025 16:56:41.385] [Server thread/INFO] [net.minecraft.client.server.IntegratedServer/]: Saving and pausing game...
[26Mar2025 16:56:41.457] [Server thread/INFO] [net.minecraft.server.MinecraftServer/]: Saving chunks for level 'ServerLevel[New World]'/minecraft:overworld
[26Mar2025 16:56:41.509] [Server thread/INFO] [net.minecraft.server.MinecraftServer/]: Saving chunks for level 'ServerLevel[New World]'/arcanum_of_dimensions:warrior_plains
[26Mar2025 16:56:41.517] [Server thread/INFO] [net.minecraft.server.MinecraftServer/]: Saving chunks for level 'ServerLevel[New World]'/arcanum_of_wisdom:arcana_plains
[26Mar2025 16:56:41.527] [Server thread/INFO] [net.minecraft.server.MinecraftServer/]: Saving chunks for level 'ServerLevel[New World]'/minecraft:the_end
[26Mar2025 16:56:41.535] [Server thread/INFO] [net.minecraft.server.MinecraftServer/]: Saving chunks for level 'ServerLevel[New World]'/minecraft:the_nether
[26Mar2025 16:56:41.639] [Server thread/DEBUG] [net.neoforged.neoforge.common.CommonHooks/WP]: Gathered mod list to write to world save New World
[26Mar2025 16:56:41.791] [Server thread/INFO] [net.minecraft.server.network.ServerGamePacketListenerImpl/]: Dev lost connection: Disconnected
[26Mar2025 16:56:41.792] [Server thread/INFO] [net.minecraft.server.MinecraftServer/]: Dev left the game
[26Mar2025 16:56:41.813] [Server thread/INFO] [net.minecraft.server.network.ServerCommonPacketListenerImpl/]: Stopping singleplayer server as player logged out
[26Mar2025 16:56:41.836] [Server thread/INFO] [net.minecraft.server.MinecraftServer/]: Stopping server
[26Mar2025 16:56:41.837] [Server thread/INFO] [net.minecraft.server.MinecraftServer/]: Saving players
[26Mar2025 16:56:41.838] [Server thread/INFO] [net.minecraft.server.MinecraftServer/]: Saving worlds
[26Mar2025 16:56:41.922] [Server thread/INFO] [net.minecraft.server.MinecraftServer/]: Saving chunks for level 'ServerLevel[New World]'/minecraft:overworld
[26Mar2025 16:56:42.029] [Server thread/INFO] [net.minecraft.server.MinecraftServer/]: Saving chunks for level 'ServerLevel[New World]'/arcanum_of_dimensions:warrior_plains
[26Mar2025 16:56:42.034] [Server thread/INFO] [net.minecraft.server.MinecraftServer/]: Saving chunks for level 'ServerLevel[New World]'/arcanum_of_wisdom:arcana_plains
[26Mar2025 16:56:42.038] [Server thread/INFO] [net.minecraft.server.MinecraftServer/]: Saving chunks for level 'ServerLevel[New World]'/minecraft:the_end
[26Mar2025 16:56:42.042] [Server thread/INFO] [net.minecraft.server.MinecraftServer/]: Saving chunks for level 'ServerLevel[New World]'/minecraft:the_nether
[26Mar2025 16:56:42.076] [Server thread/DEBUG] [net.neoforged.neoforge.common.CommonHooks/WP]: Gathered mod list to write to world save New World
[26Mar2025 16:56:42.116] [Server thread/INFO] [net.minecraft.server.MinecraftServer/]: ThreadedAnvilChunkStorage (New World (1)): All chunks are saved
[26Mar2025 16:56:42.116] [Server thread/INFO] [net.minecraft.server.MinecraftServer/]: ThreadedAnvilChunkStorage (warrior_plains): All chunks are saved
[26Mar2025 16:56:42.117] [Server thread/INFO] [net.minecraft.server.MinecraftServer/]: ThreadedAnvilChunkStorage (arcana_plains): All chunks are saved
[26Mar2025 16:56:42.117] [Server thread/INFO] [net.minecraft.server.MinecraftServer/]: ThreadedAnvilChunkStorage (DIM1): All chunks are saved
[26Mar2025 16:56:42.117] [Server thread/INFO] [net.minecraft.server.MinecraftServer/]: ThreadedAnvilChunkStorage (DIM-1): All chunks are saved
[26Mar2025 16:56:42.118] [Server thread/INFO] [net.minecraft.server.MinecraftServer/]: ThreadedAnvilChunkStorage: All dimensions are saved
[26Mar2025 16:56:42.144] [Server thread/DEBUG] [net.neoforged.fml.config.ConfigTracker/CONFIG]: Unloading configs type SERVER
[26Mar2025 16:56:43.501] [Render thread/INFO] [net.minecraft.client.Minecraft/]: Stopping!
